timestamp,24:F2:7F:FF:65:72,24:F2:7F:FF:65:73,24:F2:7F:FF:65:74,24:F2:7F:FF:65:B2,24:F2:7F:FF:65:B3,24:F2:7F:FF:65:B4,38:17:C3:C2:14:50,38:17:C3:C2:14:52,38:17:C3:C2:14:53,38:17:C3:C2:14:54,B2:38:6C:49:95:D8,38:17:C3:C2:15:54,24:F2:7F:FF:65:B0,88:36:6C:94:59:DE,58:86:94:BC:64:24,70:5D:CC:3B:7E:00,58:86:94:AE:50:CB,24:F2:7F:FF:63:B0,24:F2:7F:FF:63:B2,24:F2:7F:FF:63:B3,24:F2:7F:FF:63:B4,24:F2:7F:FF:85:B0,24:F2:7F:FF:85:B2,24:F2:7F:FF:85:B3,24:F2:7F:FF:85:B4,24:F2:7F:FF:61:30,24:F2:7F:FF:61:32,24:F2:7F:FF:61:34,5A:86:94:4F:45:6C,38:17:C3:C2:15:10,38:17:C3:C2:15:12,38:17:C3:C2:15:13,38:17:C3:C2:15:14,70:5D:CC:05:7B:9C,24:F2:7F:FF:65:70,24:F2:7F:FF:61:33,38:17:C3:C2:15:30,24:F2:7F:FF:75:93,24:F2:7F:FF:75:94,58:86:94:55:6D:D6,24:F2:7F:FF:75:90,24:F2:7F:FF:75:92,38:17:C3:C1:DE:93,B0:38:6C:4E:F2:5E,38:17:C3:C2:15:50,38:17:C3:C2:15:52,38:17:C3:C2:15:53,90:9F:33:BE:1C:1E,38:17:C3:C1:DE:90,38:17:C3:C1:DE:92,24:F2:7F:FF:5D:13,24:F2:7F:FF:5D:14,24:F2:7F:FF:84:33,38:17:C3:C2:10:B0,38:17:C3:C2:10:B2,38:17:C3:C2:10:B3,38:17:C3:C2:10:B4,24:F2:7F:FF:5D:30,24:F2:7F:FF:5D:32,24:F2:7F:FF:5D:33,24:F2:7F:FF:5D:12,38:17:C3:C2:15:34,70:5D:CC:AE:25:36,24:F2:7F:FF:84:30,24:F2:7F:FF:84:32,24:F2:7F:FF:5D:34,24:4B:FE:24:9B:6C,38:17:C3:C2:15:33,24:F2:7F:FF:5D:10,24:F2:7F:FF:84:34,38:17:C3:C2:15:32,6C:19:8F:CF:B4:CA,38:17:C3:C2:14:90,38:17:C3:C2:14:92,38:17:C3:C2:14:93,38:17:C3:C2:14:94,CC:40:D0:AF:EB:B1,38:17:C3:C2:13:B4,38:17:C3:C2:13:B3,38:17:C3:C2:13:B0,38:17:C3:C2:13:B2,38:17:C3:C2:14:70,38:17:C3:C2:14:73,38:17:C3:C2:14:32,38:17:C3:C2:14:33,38:17:C3:C2:14:34,38:17:C3:C1:69:70,38:17:C3:C2:14:74,90:9F:33:81:8E:C8,38:17:C3:C2:14:30,24:F2:7F:FF:75:F0,24:F2:7F:FF:75:F2,24:F2:7F:FF:75:F4,24:F2:7F:FF:75:F3,44:48:C1:27:95:B0,44:48:C1:27:95:B2,44:48:C1:27:95:B3,38:17:C3:C1:69:72,38:17:C3:C1:69:73,24:F2:7F:FF:7A:F0,24:F2:7F:FF:7A:F2,24:F2:7F:FF:7A:F3,C2:78:90:1F:E3:A2,B2:38:6C:49:01:2C,24:F2:7F:FF:7A:F4,5A:86:94:C3:E9:60,38:17:C3:C1:69:74,60:D0:2C:11:97:3C,38:17:C3:C1:DE:94
2026-07-07 17:34:15.890,-88,-88,-90,-84,-84,-84,-71,-72,-71,-71,-89,-95,-83,-95,-86,-90,,,,,,,,,,,,,,,,,,,,,,,,,,,,,,,,,,,,,,,,,,,,,,,,,,,,,,,,,,,,,,,,,,,,,,,,,,,,,,,,,,,,,,,,,,,,,
2026-07-07 17:34:16.223,,,,,,,,,,,,,,,,,-81,-73,-74,-73,-73,-79,-81,-81,-82,,,,,,,,,,,,,,,,,,,,,,,,,,,,,,,,,,,,,,,,,,,,,,,,,,,,,,,,,,,,,,,,,,,,,,,,,,,,,,,,,,,,
2026-07-07 17:34:16.557,,,,,,,,,,-70,,,,,-87,-91,,,,,,,,,,-93,-94,-95,-87,-79,-69,-79,-79,-94,,,,,,,,,,,,,,,,,,,,,,,,,,,,,,,,,,,,,,,,,,,,,,,,,,,,,,,,,,,,,,,,,,,,,,,,,,,
2026-07-07 17:34:16.890,-90,,,-82,-82,-82,-71,-71,-72,-72,,,-83,,,-90,,-73,-73,-74,-73,-78,-79,-79,-79,-93,,,-87,-81,,-80,-81,,-90,-93,-90,-93,-93,,,,,,,,,,,,,,,,,,,,,,,,,,,,,,,,,,,,,,,,,,,,,,,,,,,,,,,,,,,,,,,,,,,,,,
2026-07-07 17:34:17.223,-90,,,,,,,,,,-87,,,,,,,,,,,,,,,,,,,,,,,,,,,,,,,,,,,,,,,,,,,,,,,,,,,,,,,,,,,,,,,,,,,,,,,,,,,,,,,,,,,,,,,,,,,,,,,,,,
2026-07-07 17:34:17.557,,,,-83,-83,-83,-71,-71,-71,-71,,,-84,,,-91,,,,,,,,,,,,,,,,,,,,,,-92,,,,,,,,,,,,,,,,,,,,,,,,,,,,,,,,,,,,,,,,,,,,,,,,,,,,,,,,,,,,,,,,,,,,,,,
2026-07-07 17:34:17.890,,,,,,,,,,,,,,,,,,-75,-76,-75,-76,-79,-80,-80,-69,,,,,,,,,,,,,,,,,,,,,,,,,,,,,,,,,,,,,,,,,,,,,,,,,,,,,,,,,,,,,,,,,,,,,,,,,,,,,,,,,,,,
2026-07-07 17:34:18.224,,-88,-88,,,,-71,-70,-70,-71,-86,,,,-86,-90,,-72,-72,-72,-72,-81,-82,-80,-82,-94,-94,-93,-88,,,,-83,-89,,,-88,-93,-93,-93,-92,-93,,,,,,,,,,,,,,,,,,,,,,,,,,,,,,,,,,,,,,,,,,,,,,,,,,,,,,,,,,,,,,,,,,,
2026-07-07 17:34:18.557,,,,-83,-82,-83,-67,-68,-68,-67,,,-83,-94,,,,,,,,,,,,-94,-93,-94,-86,-80,-81,-81,,,,-92,,-93,-92,,-93,-93,,,,,,,,,,,,,,,,,,,,,,,,,,,,,,,,,,,,,,,,,,,,,,,,,,,,,,,,,,,,,,,,,,,
2026-07-07 17:34:18.890,-87,-87,,,,,,,,,-89,,,,,,-80,,,,,,,,,,,,,,,,,,-88,,,,,,,,,,,,,,,,,,,,,,,,,,,,,,,,,,,,,,,,,,,,,,,,,,,,,,,,,,,,,,,,,,,,,,,,,,
2026-07-07 17:34:19.224,,,,-81,-83,-81,-71,-72,-72,-72,,,-81,,-88,,,,,,,,,,,-92,-92,,,,,,,,,-93,,,,-92,,,,,,,,,,,,,,,,,,,,,,,,,,,,,,,,,,,,,,,,,,,,,,,,,,,,,,,,,,,,,,,,,,,,,
2026-07-07 17:34:19.557,,,,,,,,,,,,,,,,,-82,-71,-72,-71,-71,-81,-81,-81,-81,,,,,,,,,,,,,,,,,,,,,,,,,,,,,,,,,,,,,,,,,,,,,,,,,,,,,,,,,,,,,,,,,,,,,,,,,,,,,,,,,,,,
2026-07-07 17:34:19.891,,-88,-88,,,,,,,,,,,,-89,-93,,,,,,,-80,-80,-80,-94,-92,-93,-88,-80,-81,,-82,-89,-89,-93,,,,-91,,,,,,,,,,,,,,,,,,,,,,,,,,,,,,,,,,,,,,,,,,,,,,,,,,,,,,,,,,,,,,,,,,,,,
2026-07-07 17:34:20.224,,,,,-82,-82,-73,-74,-74,-74,,,-82,,,,,,,,,,,,,-93,-94,-93,,-80,-80,-69,,,,-93,,-94,-95,,-94,-94,,,,,,,,,,,,,,,,,,,,,,,,,,,,,,,,,,,,,,,,,,,,,,,,,,,,,,,,,,,,,,,,,,,
2026-07-07 17:34:20.557,,,,,,,,,,,,,,,,,-86,,,,,,,,,,,,,,,,,,,,,,,,,,,,,,,,,,,,,,,,,,,,,,,,,,,,,,,,,,,,,,,,,,,,,,,,,,,,,,,,,,,,,,,,,,,,
2026-07-07 17:34:20.891,,,,-82,-81,-81,-70,-70,-70,-71,,,-81,,-86,,,,,,,,,,,,,,,,,,,,,,,,,,,,,,,,,,,,,,,,,,,,,,,,,,,,,,,,,,,,,,,,,,,,,,,,,,,,,,,,,,,,,,,,,,,,,,
2026-07-07 17:34:21.224,,,,,,,,,,,,,,,,,,-70,-70,-70,-70,-83,,-81,-81,,,,,,,,,,,,,,,,,,-92,,,,,,,,,,,,,,,,,,,,,,,,,,,,,,,,,,,,,,,,,,,,,,,,,,,,,,,,,,,,,,,,,,
2026-07-07 17:34:21.558,-86,-87,-87,,,,,,,,,,,,,,,,,,,,,,,-93,-94,-93,-88,-79,-80,-79,-79,-90,-87,-93,,-93,-93,,,,,,,,,,,,,,,,,,,,,,,,,,,,,,,,,,,,,,,,,,,,,,,,,,,,,,,,,,,,,,,,,,,,,,
2026-07-07 17:34:21.891,,,,-83,-81,-81,-72,-72,-72,-71,,-95,-82,,,,,,,,,,,,,,-94,-93,-87,-79,-78,-80,-78,,,-92,,-95,-94,,,-93,,,,,,,,,,,,,,,,,,,,,,,,,,,,,,,,,,,,,,,,,,,,,,,,,,,,,,,,,,,,,,,,,,,
2026-07-07 17:34:22.225,-88,-88,-88,,,,,,,,,,,,,,-81,,,,,,,,,,,,,,,,,,-87,,,,,,,,,,,,,,,,,,,,,,,,,,,,,,,,,,,,,,,,,,,,,,,,,,,,,,,,,,,,,,,,,,,,,,,,,,
2026-07-07 17:34:22.558,,,,-81,-81,-81,-71,-71,-71,-71,,,-81,,-88,,,,,,,,,,,-94,-95,-93,-88,,,,,-88,,-93,,,,-91,,,,,,,,,,,,,,,,,,,,,,,,,,,,,,,,,,,,,,,,,,,,,,,,,,,,,,,,,,,,,,,,,,,,,
2026-07-07 17:34:22.891,,,,,,,,,,,,,,,-87,-94,,-72,-72,-72,-73,-79,-79,-80,-79,-95,-93,-93,,,,,,,,-93,,,,-91,,,,-85,,,,,,,,,,,,,,,,,,,,,,,,,,,,,,,,,,,,,,,,,,,,,,,,,,,,,,,,,,,,,,,,,
2026-07-07 17:34:23.225,-89,-90,-89,,,,,,,,-88,,,,,,,,,,,,,,,,,,,-78,-78,-78,-78,-88,,,,,-93,,,,,,,,,,,,,,,,,,,,,,,,,,,,,,,,,,,,,,,,,,,,,,,,,,,,,,,,,,,,,,,,,,,,,,
2026-07-07 17:34:23.558,,,,-83,-81,-81,-70,-70,-69,-69,,-94,-81,,,,,,,,,,,,,,,,-87,-76,-76,-77,-77,,,,,-94,-94,,-93,-94,,,,,,,,,,,,,,,,,,,,,,,,,,,,,,,,,,,,,,,,,,,,,,,,,,,,,,,,,,,,,,,,,,,
2026-07-07 17:34:23.892,,,,,,,,,,,,,,,,,-83,,,,,,,,,,,,,,,,,,,,,,,,,,,,,,,,,,,,,,,,,,,,,,,,,,,,,,,,,,,,,,,,,,,,,,,,,,,,,,,,,,,,,,,,,,,,
2026-07-07 17:34:24.225,,,,-83,-81,-81,-69,-69,-70,-69,,,-81,,,,,,,,,,,,,-94,-93,-94,-87,,,,,-88,,-93,,,,,,,,,,,,,,,,,,,,,,,,,,,,,,,,,,,,,,,,,,,,,,,,,,,,,,,,,,,,,,,,,,,,,,,,,
2026-07-07 17:34:24.558,,,,,,,,,,,,,,,-87,-94,-84,-70,-71,-71,-70,-79,-79,-79,-80,-94,-92,-92,-88,-78,-78,-78,-77,,,,,-92,-92,-89,-93,-92,,,,,,,,,,,,,,,,,,,,,,,,,,,,,,,,,,,,,,,,,,,,,,,,,,,,,,,,,,,,,,,,,,,
2026-07-07 17:34:24.892,-94,-93,,,,,,,,,,-93,,,,,,,,,,,,,,,,,,,,,,-85,,,,,,,,,,,-93,-92,-93,,,,,,,,,,,,,,,,,,,,,,,,,,,,,,,,,,,,,,,,,,,,,,,,,,,,,,,,,,,,,,
2026-07-07 17:34:25.225,,,,-86,-86,-87,-70,-70,-70,-70,,,-85,,,,,,,,,,,,,,,,,-78,-79,-79,-79,,,,,-93,-93,,-94,-92,,,-94,-94,-94,,,,,,,,,,,,,,,,,,,,,,,,,,,,,,,,,,,,,,,,,,,,,,,,,,,,,,,,,,,,,,
2026-07-07 17:34:25.559,,,,-88,-89,,,,,,,,,,,,-83,,,,,,,,,,,,,,,,,,,,,,,,,,,,,,,-87,,,,,,,,,,,,,,,,,,,,,,,,,,,,,,,,,,,,,,,,,,,,,,,,,,,,,,,,,,,,,
2026-07-07 17:34:25.892,,,,,,-88,-69,-69,-69,-69,,,,,-87,-88,,,,,,,,,,-92,-92,-93,,-76,,,,-90,,-92,,,,-90,,,,,,,,,,,,,,,,,,,,,,,,,,,,,,,,,,,,,,,,,,,,,,,,,,,,,,,,,,,,,,,,,,,,,
2026-07-07 17:34:26.225,,,,,,,,,,,,,,,-85,-89,-84,-71,-72,-72,-73,-81,-83,-82,-82,-92,-91,-91,-88,-79,-79,-79,-79,,,-92,,-93,-93,-93,-93,-93,,,,,,-87,,,,,,,,,,,,,,,,,,,,,,,,,,,,,,,,,,,,,,,,,,,,,,,,,,,,,,,,,,,,,
2026-07-07 17:34:26.559,,,,,,,,,,,-86,,,,,,,,,,,,,,,,,,,,,,,,,,,,,,,,,,,,,,,,,,,,,,,,,,,,,,,,,,,,,,,,,,,,,,,,,,,,,,,,,,,,,,,,,,,,,,,,,,
2026-07-07 17:34:26.892,,,,-86,-86,-87,-68,-68,-68,-68,,,-87,,,,,,,,,,,,,,,,,-79,-80,-79,-79,,,,,,,,-91,-92,,,,,,,,,,,,,,,,,,,,,,,,,,,,,,,,,,,,,,,,,,,,,,,,,,,,,,,,,,,,,,,,,,,
2026-07-07 17:34:27.226,,,,-87,-87,-87,-69,-69,-69,-69,-87,,,,,,-81,,,,,,,,,,,,,,,,,,,,,,,,,,,,,,,,,,,,,,,,,,,,,,,,,,,,,,,,,,,,,,,,,,,,,,,,,,,,,,,,,,,,,,,,,,,,
2026-07-07 17:34:27.559,,,,,,,,,,,,,,,-88,-89,-84,-72,-72,-72,-72,-78,-80,-79,-79,-95,,-93,-92,-78,-78,-78,-80,-84,,-93,,,,-87,,,,,,,,,,,,,,,,,,,,,,,,,,,,,,,,,,,,,,,,,,,,,,,,,,,,,,,,,,,,,,,,,,,,,
2026-07-07 17:34:27.893,,,,-82,-82,-82,,,,,,-92,-82,,-87,,,,,,,,,,,-93,-93,-93,-94,-77,-77,-77,-77,-86,,-94,,,,-88,,,,,-94,-93,-94,,,,,,,,,,,,,,,,,,,,,,,,,,,,,,,,,,,,,,,,,,,,,,,,,,,,,,,,,,,,,,
2026-07-07 17:34:28.226,-88,,-92,,,,,,,,-88,,,,,,,,,,,,,,,,,,,,,,,,,,,,,,,,,,,,,,,,,,,,,,,,,,,,,,,,,,,,,,,,,,,,,,,,,,,,,,,,,,,,,,,,,,,,,,,,,,
2026-07-07 17:34:28.559,,,,-80,-80,-80,-73,-73,-73,-73,,,-80,,-87,-93,,,,,,,,,,,,,,,,,-80,,,,,-95,-95,,-94,-93,,,,,,,,,,,,,,,,,,,,,,,,,,,,,,,,,,,,,,,,,,,,,,,,,,,,,,,,,,,,,,,,,,,
2026-07-07 17:34:28.893,,,,,,,-74,-74,-74,-74,,,,,,,-84,-72,-72,-72,-72,-80,-80,-80,-79,,,,,,,,,,,,,,,-88,,,,,,,,,,,,,,,,,,,,,,,,,,,,,,,,,,,,,,,,,,,,,,,,,,,,,,,,,,,,,,,,,,,,,
2026-07-07 17:34:29.226,,,,,,,,,,,,,,,,,,-71,-72,-71,-71,-79,-81,-81,-81,-93,-92,-92,-90,-79,-79,-78,-78,-91,,-92,,-93,-92,,,,,,,,,,,,,,,,,,,,,,,,,,,,,,,,,,,,,,,,,,,,,,,,,,,,,,,,,,,,,,,,,,,,,,
2026-07-07 17:34:29.560,,,,-80,-80,-80,,,,,,,-80,,,-92,,,,,,,,,,,-93,-93,,-73,-73,-74,-74,,,-93,,-94,-94,,,-94,,,,,,,,,,,,,,,,,,,,,,,,,,,,,,,,,,,,,,,,,,,,,,,,,,,,,,,,,,,,,,,,,,,
2026-07-07 17:34:29.893,,,,,,,,,,,-86,,,,,,,,,,,,,,,,,,,,,,,,,,,,,,,,,,,,,,,,,,,,,,,,,,,,,,,,,,,,,,,,,,,,,,,,,,,,,,,,,,,,,,,,,,,,,,,,,,
2026-07-07 17:34:30.226,,,,-80,-80,-80,-72,-72,-73,-72,,-92,-80,,-87,,,,,,,,,,,,,,,,,,,,,,,-92,-94,-88,,-92,,,-92,-93,-93,,,,,,,,,,,,,,,,,,,,,,,,,,,,,,,,,,,,,,,,,,,,,,,,,,,,,,,,,,,,,,
2026-07-07 17:34:30.560,,,,,,,-72,-72,-72,-72,,,,,-90,-94,,-75,-77,-75,-76,-80,-80,-80,-79,-93,-93,-93,,-74,-74,-74,-75,,,,,,,-87,,,,,,,,,,,,,,,,,,,,,,,,,,,,,,,,,,,,,,,,,,,,,,,,,,,,,,,,,,,,,,,,,,,,,
2026-07-07 17:34:30.893,,,,,,,,,,,,,,,,,-81,-75,-75,-75,-75,-79,-80,-80,-79,,,,,,,,,-83,,,,,,,,,,-87,,,,,,,,,,,,,,,,,,,,,,,,,,,,,,,,,,,,,,,,,,,,,,,,,,,,,,,,,,,,,,,,,
2026-07-07 17:34:31.227,,,,-80,-81,-81,-73,-73,,,,-91,-80,,-90,-92,,,,,,,,,,,,,-92,-75,-75,-74,-75,,,,,-94,-93,-87,,,,,-92,-93,-93,,,,,,,,,,,,,,,,,,,,,,,,,,,,,,,,,,,,,,,,,,,,,,,,,,,,,,,,,,,,,,
2026-07-07 17:34:31.560,,,-87,,,,,,,,-87,-93,,,,,,,,,,,,,,,,,,,,,,,,,,-94,-95,,,-94,,,,-92,-92,,,,,,,,,,,,,,,,,,,,,,,,,,,,,,,,,,,,,,,,,,,,,,,,,,,,,,,,,,,,,,
2026-07-07 17:34:31.893,,,,-81,-81,-82,-72,-72,-72,-72,,,-81,,-86,,,,,,,,,,,,,,,,,,,,,,,,,-88,,,,,,,,,,,,,,,,,,,,,,,,,,,,,,,,,,,,,,,,,,,,,,,,,,,,,,,,,,,,,,,,,,,,,
2026-07-07 17:34:32.227,,,,,,,-71,-72,-71,-71,,,,,-88,,-85,-72,-72,-72,-72,,-83,-83,-83,,,,,-75,-75,-76,-76,,,,,,,-92,,,,,,,,,,,,,,,,,,,,,,,,,,,,,,,,,,,,,,,,,,,,,,,,,,,,,,,,,,,,,,,,,,,,,
2026-07-07 17:34:32.560,,,,,,,,,,,,,,,,,,-72,-75,-75,-74,-78,-80,-79,-78,,,,,,,,,-89,,,,,,,,,,,,,,,,,,,,,,,,,,,,,,,,,,,,,,,,,,,,,,,,,,,,,,,,,,,,,,,,,,,,,,,,,,,
2026-07-07 17:34:32.894,,,,,-82,-82,,,,,,,-82,,,-93,,,,,,,,,,,,,,-74,-74,-74,-74,-90,,,,-92,-91,,-92,-92,,,,,,,,,,,,,,,,,,,,,,,,,,,,,,,,,,,,,,,,,,,,,,,,,,,,,,,,,,,,,,,,,,,
2026-07-07 17:34:33.227,,-87,,-82,-81,-82,-72,-72,-71,-71,,,-81,,,,,,,,,,,,,,,,,-77,-75,-76,-76,,,,,,-91,,-91,,,,,,,,,,,,,,,,,,,,,,,,,,,,,,,,,,,,,,,,,,,,,,,,,,,,,,,,,,,,,,,,,,,,
2026-07-07 17:34:33.560,,,,,,,,,,,,,,,,,-82,-71,-72,-72,-72,-80,-80,-80,-80,,,,,,,,,,,,,,,,,,,,,,,,,,,,,,,,,,,,,,,,,,,,,,,,,,,,,,,,,,,,,,,,,,,,,,,,,,,,,,,,,,,,
2026-07-07 17:34:33.894,,,,-82,-83,-82,-69,-69,-69,-69,,,-82,,-89,-91,,,,,,,,,,-94,-93,,-87,-76,-76,-76,-76,,,,,-90,,,-91,-90,,,,,,,,,,,,,,,,,,,,,,,,,,,,,,,,,,,,,,,,,,,,,,,,,,,,,,,,,,,,,,,,,,,
2026-07-07 17:34:34.227,,,,,,,,,,,,,,,,,,-72,-73,-72,-73,-80,-80,-80,-80,,,,,,,,,-93,,,,,,,,,,,,,,,,,,,,,,,,,,,,,,,,,,,,,,,,,,,,,,,,,,,,,,,,,,,,,,,,,,,,,,,,,,,
2026-07-07 17:34:34.561,,,,-82,-83,-83,,,,,,,-82,,,-91,,,,,,,,,,,-95,-94,-89,-75,-75,-75,-76,-92,,-93,,,,,,-93,,,,,,,,,,,,,,,,,,,,,,,,,,,,,,,,,,,,,,,,,,,,,,,,,,,,,,,,,,,,,,,,,,,
2026-07-07 17:34:34.894,,-88,,-83,-83,-83,-70,-71,-70,-70,,,-83,,-87,,,,,,,,,,,,,,,,-75,-74,,,,,,,,,,-93,,,,,,,,,,,,,,,,,,,,,,,,,,,,,,,,,,,,,,,,,,,,,,,,,,,,,,,,,,,,,,,,,,,
2026-07-07 17:34:35.227,,,,,,,,,,,,,,,,,-82,-72,-74,-73,-74,-80,-82,-81,-82,,,,,,,,,,,,,,,,,,,,,,,,,,,,,,,,,,,,,,,,,,,,,,,,,,,,,,,,,,,,,,,,,,,,,,,,,,,,,,,,,,,,
2026-07-07 17:34:35.561,,,,-83,-83,-83,-70,-70,-71,-71,,,,,-87,-93,,,,,,,,,,-93,-92,-95,-89,-74,-74,-74,-74,,,-93,,,,-94,,,,,,,,,,,,,,,,,,,,,,,,,,,,,,,,,,,,,,,,,,,,,,,,,,,,,,,,,,,,,,,,,,,,,
2026-07-07 17:34:35.894,,,,,,,,,,,,,,,,,-84,-73,-73,-73,-73,-81,,-82,-82,,,,,,,,,-89,,,,,,,,,,,,,,,,,,,,,,,,,,,,,,,,,,,,,,,,,,,,,,,,,,,,,,,,,,,,,,,,,,,,,,,,,,,
2026-07-07 17:34:36.228,,,,-83,,-83,,,,,,,-83,,-87,-93,,,,,,,,,,-93,-93,-93,,-76,-76,-76,-75,-90,,-93,,,-94,,,-95,,,,,,,,,,,,,,,,,,,,,,,,,,,,,,,,,,,,,,,,,,,,,,,,,,,,,,,,,,,,,,,,,,,
2026-07-07 17:34:36.561,-86,-86,-86,,,,-72,-71,-71,-71,,,-83,,-88,,,,,,,,,,,,,,,-75,-76,-75,-75,,-86,,,,,-93,-92,-93,,,,,,,,,,,,,,,,,,,,,,,,,,,,,,,,,,,,,,,,,,,,,,,,,,,,,,,,,,,,,,,,,,,
2026-07-07 17:34:36.894,,,,,,,,,,,,,,,,,,-73,-73,-73,-72,-82,-83,-83,,,,,,,,,,,,,,,,,,,,,,,,,-90,-89,,,,,,,,,,,,,,,,,,,,,,,,,,,,,,,,,,,,,,,,,,,,,,,,,,,,,,,,,,,
2026-07-07 17:34:37.228,,,,,,,-72,-72,-72,-72,,,,,-88,-92,,,,,,,,,,,,,-88,-76,-76,-76,-76,-90,,,,,,,,,,,,,,,,,,,,,,,,,,,,,,,,,,,,,,,,,,,,,,,,,,,,,,,,,,,,,,,,,,,,,,,,,,,
2026-07-07 17:34:37.561,,,,,,,,,,,,,,,,,-82,-73,-73,-72,-72,-81,-80,-81,-80,,,,,,,,,,,,,,,,,,,,,,,,,,,,,,,,,,,,,,,,,,,,,,,,,,,,,,,,,,,,,,,,,,,,,,,,,,,,,,,,,,,,
2026-07-07 17:34:37.895,-87,-88,-89,-84,-85,-84,,,,,-84,,-84,,-88,-87,,,,,,,,,,-94,-95,-94,-87,-75,-74,-74,-74,-88,-88,-94,,-94,-93,-91,,-94,,,,,,,,,,,,,,,,,,,,,,,,,,,,,,,,,,,,,,,,,,,,,,,,,,,,,,,,,,,,,,,,,,,
2026-07-07 17:34:38.228,,,,,,,-73,-72,-73,-73,,-93,-86,,,,,,,,,,,,,,,,,-74,-76,-76,-75,,,,,-90,-90,,,-88,,,-93,,,,,,,,,,,,,,,,,,,,,,,,,,,,,,,,,,,,,,,,,,,,,,,,,,,,,,,,,,,,,,,,
2026-07-07 17:34:38.561,,-88,-88,,,,,,,,,,,,,,-81,-73,-72,-72,,,,,,,,,,,,,,,,,,,,,,,,,,,,,,,,,,,,,,,,,,,,,,,,,,,,,,,,,,,,,,,,,,,,,,,,,,,,,,,,,,,,,,,,,
2026-07-07 17:34:38.895,,,,-84,,-84,-70,-70,-70,-71,,,-84,,,-87,,,,,,,,,,,,,-85,,,,,-86,,,,,,,,,,,,,,,,,,,,,,,,,,,,,,,,,,,,,,,,,,,,,,,,,,,,,,,,,,,,,,,,,,,,,,,,,,,
2026-07-07 17:34:39.228,,,,,,,,,,,,,,,,,-80,-71,-71,-72,-72,-83,-84,-83,-83,,,,,,,,,,,,,,,,,,,,,,,,,,,,,,,,,,,,,,,,,,,,,,,,,,,,,,,,,,,,,,,,,,,,,,,,,,,,,,,,,,,,
2026-07-07 17:34:39.562,,,,-82,-82,-82,,,,,,-92,-82,,-90,-89,,,,,,,,,,,-93,-94,-83,-75,-75,-75,-75,-85,,-94,,-87,-87,-86,-88,-88,,,-92,-94,-92,,,,,,,,,,,,,,,,,,,,,,,,,,,,,,,,,,,,,,,,,,,,,,,,,,,,,,,,,,,,,,
2026-07-07 17:34:39.895,,,,-83,-72,-83,-72,-72,-73,-72,,,-84,-90,,,,,,,,,,,,,,,,-77,-76,-76,-76,,,,,-87,-87,,-87,-87,,,,,,,,,,,,,,,,,,,,,,,,,,,,,,,,,,,,,,,,,,,,,,,,,,,,,,,,,,,,,,,,,,,
2026-07-07 17:34:40.229,,-87,-87,,,,,,,,,,,,,,-78,-71,-71,-71,-71,-82,,,,,,,,,,,,,-88,,,,,,,,,,,,,,,,,,,,,,,,,,,,,,,,,,,,,,,,,,,,,,,,,,,,,,,,,,,,,,,,,,,,,,,,,,
2026-07-07 17:34:40.562,,,,-84,-85,-84,-74,-75,-73,-73,,,-85,-91,,,,,,,,,,,,,,,-81,,,,,-90,,,,,,,,,,,,,,,,,,,,,,,,,,,,,,,,,,,,,,,,,,,,,,,,,,,,,,,,,,,,,,,,,,,,,,,,,,,
2026-07-07 17:34:40.895,,,,,,,,,,,,,,,-89,-88,-78,-69,-69,-69,-69,-81,-83,-83,-83,,,,,-80,-80,-80,-81,,,,,-89,-89,-88,,-89,,,-93,-93,-94,,,,,,,,,,,,,,,,,,,,,,,,,,,,,,,,,,,,,,,,,,,,,,,,,,,,,,,,,,,,,,
2026-07-07 17:34:41.229,,,,,,,,,,,-87,,,,,,,,,,,,,,,,,,,,,,,-90,,,,,,,,,,,,,,,,,,,,,,,,,,,,,,,,,,,,,,,,,,,,,,,,,,,,,,,,,,,,,,,,,,,,,,,,,,,
2026-07-07 17:34:41.562,,,,-81,-81,-81,-73,-74,-73,-74,,-93,-81,,,,,,,,,,,,,,,,,-77,-78,-77,-77,,,,,-87,-88,,-89,-87,,,-92,-93,-93,,,,,,,,,,,,,,,,,,,,,,,,,,,,,,,,,,,,,,,,,,,,,,,,,,,,,,,,,,,,,,
2026-07-07 17:34:41.896,,,,,,,,,,,-87,,,,,,-80,,,,,,,,,,,,,,,,,,-90,,,,,,,,,,,,,,,,,,,,,,,,,,,,,,,,,,,,,,,,,,,,,,,,,,,,,,,,,,,,,,,,,,,,,,,,,,
2026-07-07 17:34:42.229,,,,-80,-80,-80,-74,-74,-74,-74,,,-80,-91,-84,-89,,,,,,,,,,,-90,-92,-84,,,,,,,-92,,,,-90,,,,,,,,,,,,,,,,,,,,,,,,,,,,,,,,,,,,,,,,,,,,,,,,,,,,,,,,,,,,,,,,,,,,,
2026-07-07 17:34:42.562,,,,,,,,,,,,,,,-86,-88,-77,-60,-61,-61,-61,-81,-83,-82,-81,,,,-84,-76,-78,-77,-77,,,,,,,-87,-87,-87,,,,,,,,,,,,,,,,,,,,,,,,,,,,,,,,,,,,,,,,,,,,,,,,,,,,,,,,,,,,,,,,,,,
2026-07-07 17:34:42.896,,,-89,,,,,,,,,,,,,,,,,,,,,,,,,,,,,,,-88,-87,,,,,,,,,,,,,,,,,,,,,,,,,,,,,,,,,,,,,,,,,,,,,,,,,,,,,,,,,,,,,,,,,,,,,,,,,,
2026-07-07 17:34:43.229,,,,,,,-71,-71,-71,-71,,-89,-83,,,,,,,,,,,,,,,,,-79,-79,-78,-78,,,,,,,,-86,,,,,,,,,,,,,,,,,,,,,,,,,,,,,,,,,,,,,,,,,,,,,,,,,,,,,,,,,,,,,,,,,,,,
2026-07-07 17:34:43.563,,-87,,,,,,,,,,,,,,,-76,,,,,,,,,,,,,,,,,,,,,,,,,,,,,,,,,,,,,,,,,,,,,,,,,,,,,,,,,,,,,,,,,,,,,,,,,,,,,,,,,,,,,,,,,,,,
2026-07-07 17:34:43.896,,,,-85,-85,-84,-70,-69,-69,-70,,,-84,-88,-87,,,,,,,,,,,-94,-94,-93,-87,,,,,-88,,-93,,,,-90,,,,,,,,,,,,,,,,,,,,,,,,,,,,,,,,,,,,,,,,,,,,,,,,,,,,,,,,,,,,,,,,,,,,,
2026-07-07 17:34:44.229,,,,,,,,,,,,,,,-85,-83,-84,-63,-63,-63,-63,-81,-81,-68,-81,-93,,-93,-84,-78,-79,-69,-79,-89,,-93,,-89,-91,-90,-91,-90,,,,,,,,,,,,,,,,,,,,,,,,,,,,,,,,,,,,,,,,,,,,,,,,,,,,,,,,,,,,,,,,,,,
2026-07-07 17:34:44.563,-87,-87,,,,,,,,,,,,,,,,,,,,,,,,,,,,,,,,,-87,,,,,,,,,,,,,,,,,,,,,,,,,,,,,,,,,,,,,,,,,,,,,,,,,,,,,,,,,,,,,,,,,,,,,,,,,,
2026-07-07 17:34:44.896,,,,-83,-83,,-69,-69,-69,-69,,-90,-84,,,,,,,,,,,,,,,,-85,-80,-82,-82,-83,,,,,,,,-89,-89,,,,,-90,,,,,,,,,,,,,,,,,,,,,,,,,,,,,,,,,,,,,,,,,,,,,,,,,,,,,,,,,,,,,,
2026-07-07 17:34:45.230,-85,,-85,,,,,,,,-84,,,,,,-82,,,,,,,,,,,,,,,,,,-84,,,,,,,,,,,,,,,,,,,,,,,,,,,,,,,,,,,,,,,,,,,,,,,,,,,,,,,,,,,,,,,,,,,,,,,,,,
2026-07-07 17:34:45.563,,,,,,,-70,-70,-70,-69,,,,-91,-87,-82,,,,,,,,,,-89,-90,-91,,,,,,,,-90,,,,,,,,,,,,,,,,,,,,,,,,,,,,,,,,,,,,,,,,,,,,,,,,,,,,,,,,,,,,,,,,,,,,,,,,,
2026-07-07 17:34:45.896,,,,,,,,,,,,-89,,,-84,-83,-80,-59,-60,-60,-60,-76,-76,,-75,-93,-93,-92,-81,,-80,-80,-81,-85,,-93,,-90,-90,,,-89,,,-90,-91,-90,,,,,,,,,,,,,,,,,,,,,,,,,,,,,,,,,,,,,,,,,,,,,,,,,,,,,,,,,,,,,,
2026-07-07 17:34:46.230,,,,,,,,,,,,,,,,,,,,,,,,,,,,,,,,,,,,,,,,,,,,,,,,,,,,,,,,,,,,,,,,,,,,,,,,,,,,,,,,,,,,,,,,,,,,,,,,,,,,,,,,,,,,,
2026-07-07 17:34:46.563,,,,,,,-68,-68,-68,-68,,,,,,,,,,,,,,,,-91,,-90,-84,,-80,-80,-78,,,-90,,-92,,,-90,-91,,,,-92,-90,,,,,,,,,,,,,,,,,,,,,,,,,,,,,,,,,,,,,,,,,,,,,,,,,,,,,,,,,,,,,,
2026-07-07 17:34:46.897,-86,-86,-86,-86,-87,-87,-67,-67,-67,-67,,,-86,,,,-80,,,,,,,,,,,,,,,,,,-85,,,,,,,,,,,,,,,,,,,,,,,,,,,,,,,,,,,,,,,,,,,,,,,,,,,,,,,,,,,,,,,,,,,,,,,,,,
2026-07-07 17:34:47.230,,,,,,,,,,,,,,,-84,-86,,-58,-59,-59,-59,-73,-75,-74,-74,-87,-88,-87,,,,,,,,-87,,,,,,,,,,,,,,,,,,,,,,,,,,,,,,,,,,,,,,,,,,,,,,,,,,,,,,,,,,,,,,,,,,,,,,,,,
2026-07-07 17:34:47.563,,,,,,,,,,,,,,,-86,-87,,,,,,,,,,-90,-90,-90,-80,-78,-78,-78,-79,-85,,-90,,-92,-91,-92,,,,-85,,-93,-93,,,,,,,,,,,,,,,,,,,,,,,,,,,,,,,,,,,,,,,,,,,,,,,,,,,,,,,,,,,,,,
2026-07-07 17:34:47.897,,,,,,,,,,,-84,,,,,,,,,,,,,,,,,,,,,,,,,,,,,,,,,,,,,,,,,,,,,,,,,,,,,,,,,,,,,,,,,,,,,,,,,,,,,,,,,,,,,,,,,,,,,,,,,,
2026-07-07 17:34:48.230,,,,-87,,,-66,-66,-66,-67,,-93,-87,-91,,,,,,,,,,,,-87,-88,-87,-79,-78,-77,-78,-78,,,-88,,-87,-88,,-88,-87,,,-93,-93,-93,,,,,,,,,,,,,,,,,,,,,,,,,,,,,,,,,,,,,,,,,,,,,,,,,,,,,,,,,,,,,,
2026-07-07 17:34:48.564,-86,-87,-86,-87,-86,,-67,-67,-67,-67,-83,,-86,-87,-89,-87,-78,,,,,,,,,,,,,,,,,,-85,,,,,-89,,,,,,,,-81,,,,,,,,,,,,,,,,,,,,,,,,,,,,,,,,,,,,,,,,,,,,,,,,,,,,,,,,,,,,,
2026-07-07 17:34:48.897,,,,,,,,,,,,,,,,,-73,-56,-56,-56,-56,-76,-75,-75,-76,-86,-87,-87,-80,,,,,-82,,-86,,,,,,,,,,,,,,,,,,,,,,,,,,,,,,,,,,,,,,,,,,,,,,,,,,,,,,,,,,,,,,,,,,,,,,,,,
2026-07-07 17:34:49.230,,,,,,,,,,,,-93,,,-88,-90,,,,,,,,,,-90,-90,-90,-86,-77,-78,-78,-78,-86,,-90,,-92,-91,-90,,-90,,,-93,-92,-93,-85,,,,,,,,,,,,,,,,,,,,,,,,,,,,,,,,,,,,,,,,,,,,,,,,,,,,,,,,,,,,,
2026-07-07 17:34:49.564,,,,,,,,,,,-83,,,,,,,,,,,,,,,-84,-69,-84,-85,,,,,,,-84,,,,,,,,,,,,,,,,,,,,,,,,,,,,,,,,,,,,,,,,,,,,,,,,,,,,,,,,,,,,,,,,,,,,,,,,,
2026-07-07 17:34:49.897,,,,-86,-87,-86,-68,-68,-67,-67,-84,-91,-86,-86,,,,,,,,,,,,,,,,,-79,-79,-80,,,,,-90,-90,,-90,-90,,,-91,-91,-92,,,,,,,,,,,,,,,,,,,,,,,,,,,,,,,,,,,,,,,,,,,,,,,,,,,,,,,,,,,,,,
2026-07-07 17:34:50.231,-86,-85,-86,-88,-88,-88,-68,-68,-68,-68,,-93,-89,-85,-88,-88,,,,,,,,,,,,,,,,,,,-85,,,,,-92,,,,,-92,-91,-90,,,,,,,,,,,,,,,,,,,,,,,,,,,,,,,,,,,,,,,,,,,,,,,,,,,,,,,,,,,,,,
2026-07-07 17:34:50.564,,,,,,,,,,,,,,,,,-76,-61,-61,-61,-60,-70,-70,-70,-70,,,,,,,,,,,,,,,,,,,,,,,,,,,,,,,,,,,,,,,,,,,,,,,,,,,,,,,,,,,,,,,,,,,,,,,,,,,,,,,,,,,,
2026-07-07 17:34:50.898,,,,,,,,,,,,,,,-86,-90,,,,,,,,,,-83,-83,-83,,,,,,-84,,-83,,-91,-91,,-92,-91,,,,,,,,,,,,,,,,,,,,,,,,,,,,,,,,,,,,,,,,,,,,,,,,,,,,,,,,,,,,,,,,,,,
2026-07-07 17:34:51.231,,,,,,,,,,,-83,-93,,,,,,,,-60,-61,-65,-65,-66,-65,-84,-84,-84,,,-80,-82,-80,,,-84,,-93,-94,,-93,-93,,,-93,-93,-92,,,,,,,,,,,,,,,,,,,,,,,,,,,,,,,,,,,,,,,,,,,,,,,,,,,,,,,,,,,,,,
2026-07-07 17:34:51.564,-83,-83,-82,-83,-83,-83,-69,-68,-68,-68,-83,,-84,,,,,,,,,,,,,,,,,,,,,,-82,,,,,,,,,,,,,,,,,,,,,,,,,,,,,,,,,,,,,,,,,,,,,,,,,,,,,,,,,,,,,,,,,,,,,,,,,,
2026-07-07 17:34:51.898,,,,-84,-82,-84,-68,-68,-68,-68,,,-84,-90,-89,-85,,,,,,,,,,,,,,,,,,,,,,,,-92,,,,,,,,,,,,,,,,,,,,,,,,,,,,,,,,,,,,,,,,,,,,,,,,,,,,,,,,,,,,,,,,,,,,,
2026-07-07 17:34:52.231,,,,,,,,,,,,,,,,,-78,-59,-59,-59,-59,-61,-61,-61,-60,,,,,,,,,,,,,,,,,,,,,,,-86,,,,,,,,,,,,,,,,,,,,,,,,,,,,,,,,,,,,,,,,,,,,,,,,,,,,,,,,,,,,,
2026-07-07 17:34:52.565,,,,,,,-68,-68,-67,-67,,,,,-90,-85,,,,,,,,,,-88,-87,,-87,-81,,,,-83,,,,,,-89,,,,,,,,,,,,,,,,,,,,,,,,,,,,,,,,,,,,,,,,,,,,,,,,,,,,,,,,,,,,,,,,,,,,,
2026-07-07 17:34:52.898,,,,-81,-81,-79,,,,,-80,,-80,-86,,,,,,,-56,-67,-67,-67,-67,-87,-87,-88,,-76,-76,-76,-76,,,-88,,-93,-93,,-94,-95,,,,-93,,,,,,,,,,,,,,,,,,,,,,,,,,,,,,,,,,,,,,,,,,,,,,,,,,,,,,,,,,,,,,,
2026-07-07 17:34:53.231,-86,-86,-87,,,,,-69,-69,-69,-83,,,,,,-82,,,,,,,,,,,,,,,,,,-86,,,,,,,,,,,,,,,,,,,,,,,,,,,,,,,,,,,,,,,,,,,,,,,,,,,,,,,,,,,,,,,,,,,,,,,,,,
2026-07-07 17:34:53.565,,,,-80,-81,-80,-67,-67,-68,-67,,-91,-81,,,-88,,,,,,,,,,-84,-84,-83,,,,,,,,-83,,,,-90,,,,,,,,-84,,,,,,,,,,,,,,,,,,,,,,,,,,,,,,,,,,,,,,,,,,,,,,,,,,,,,,,,,,,,,
2026-07-07 17:34:53.898,,,,,,,,,,,,,,,,,,-59,-59,-59,-59,-58,-60,-60,-60,,,,,,,,,,,,,,,,,,,,,,,-83,,,,,,,,,,,,,,,,,,,,,,,,,,,,,,,,,,,,,,,,,,,,,,,,,,,,,,,,,,,,,
2026-07-07 17:34:54.232,,,,,,,,,,,,-92,,,-90,-85,,,,,,,,,-59,-82,-82,,,,-78,-78,-79,-81,,-82,,,-93,-89,,,,,-92,,-93,,,,,,,,,,,,,,,,,,,,,,,,,,,,,,,,,,,,,,,,,,,,,,,,,,,,,,,,,,,,,,
2026-07-07 17:34:54.565,,,,-80,-80,-81,-67,-69,-67,-67,-82,-93,-81,,,,,,,,,,,,,-86,-88,-87,-81,,-80,-80,-80,,,-86,,-90,-91,,-91,-90,,,-93,-92,-93,,,,,,,,,,,,,,,,,,,,,,,,,,,,,,,,,,,,,,,,,,,,,,,,,,,,,,,,,,,,,,
2026-07-07 17:34:54.898,-82,-82,-83,,,,,,,,-84,,,,,,,,,,,,,,,,,,,,,,,,-82,,,,,,,,,,,,,,,,,,,,,,,,,,,,,,,,,,,,,,,,,,,,,,,,,,,,,,,,,,,,,,,,,,,,,,,,,,
2026-07-07 17:34:55.232,,,,-81,-81,-81,-68,-68,-68,-68,,-93,-81,-88,-92,-87,,,,,,,,,,,,,,,,,,,,,,,,,,,,,-92,-93,-94,,,,,,,,,,,,,,,,,,,,,,,,,,,,,,,,,,,,,,,,,,,,,,,,,,,,,,,,,,,,,,
2026-07-07 17:34:55.565,,-81,-81,,,,-70,-69,-70,-69,,,,,,-84,-73,-61,-61,-62,-61,-64,-64,-64,-64,,,,,,,,,,,,,,,-86,,,,,,,,-85,,,,,,,,,,,,,,,,,,,,,,,,,,,,,,,,,,,,,,,,,,,,,,,,,,,,,,,,,,,,,
2026-07-07 17:34:55.899,,,,,,,,,,,,,,,,,,-67,-67,-68,-68,-63,-64,-63,-63,,-85,-84,,,-78,,,-85,,-80,,,-88,,,,,,,,,,,,,,,,,,,,,,,,,,,,,,,,,,,,,,,,,,,,,,,,,,,,,,,,,,,,,,,,,,,,,,
2026-07-07 17:34:56.232,,,,-88,-86,-86,-72,-72,-73,-73,,-93,-86,,,-83,,,,,,,,,,-80,-80,-81,,,-80,-80,,,,-80,,-89,-89,,-89,-89,,,-91,-91,-93,,,,-94,-94,,,,,,,,,,,,,,,,,,,,,,,,,,,,,,,,,,,,,,,,,,,,,,,,,,,,,,,,,
2026-07-07 17:34:56.565,,-82,-81,,,,,,,,,,,,,,,,,,,,,,,,,,,,,,,,-82,,,,,,,,,,,,,,,,,,,,,,,,,,,,,,,,,,,,,,,,,,,,,,,,,,,,,,,,,,,,,,,,,,,,,,,,,,
2026-07-07 17:34:56.899,,,,-84,-83,-84,-66,-66,-66,-67,,-92,-84,,,-84,,,,,,,,,,,,,,,,,,,,,,,,-89,,,,,,-91,-91,,,,,,,,,,,,,,,,,,,,,,,,,,,,,,,,,,,,,,,,,,,,,,,,,,,,,,,,,,,,,,
2026-07-07 17:34:57.232,,,,,,,,,,,,,,,,,-76,-64,-64,-64,-64,-66,-66,-67,-67,-80,-80,-80,,,,,,,,-80,,,,,,,,,,,,,,,,,,,,,,,,,,,,,,,,,,,,,,,,,,,,,,,,,,,,,,,,,,,,,,,,,,,,,,,,,
2026-07-07 17:34:57.566,,,,,,,,,,,-84,,,,,,,-70,-70,-70,-70,-62,-64,-63,-63,,,,,,,,,,,,,,,,,,,,,,,,,,,,-89,,,,,,,,,,,,,,,,,,,,,,,,,,,,,,,,,,,,,,,,,,,,,,,,,,,,,,,,
2026-07-07 17:34:57.899,,,,-83,-82,-83,-64,-64,-64,-65,,-92,-82,-88,,,,,,,,,,,,-75,-74,-75,-81,,,-85,,,,-74,,-89,-88,,-89,,,,-92,-92,-92,,,,,,,-93,-93,-92,-93,,,,,,,,,,,,,,,,,,,,,,,,,,,,,,,,,,,,,,,,,,,,,,,,,,,,
2026-07-07 17:34:58.232,-81,-79,-81,,,,,,,,-86,,,,,,,,,,,,,,,,,,,,,,,,-80,,,,,,,,,,,,,,,,,,,,,,,-88,-87,-88,,,,,,,,,,,,,,,,,,,,,,,,,,,,,,,,,,,,,,,,,,,,,,,,,
2026-07-07 17:34:58.566,,,,,,-80,-64,-64,-64,-64,,-92,-80,-87,-88,,,,,,,,,,,,,,,,,,,,,,,-89,-88,-90,,-89,,,-92,-92,,,,,-94,-94,,-94,,-94,,,,,-95,,,,,,,,,,,,,,,,,,,,,,,,,,,,,,,,,,,,,,,,,,,,,,,,
2026-07-07 17:34:58.899,-80,-80,-80,,,,-63,-63,-63,,,,,,,,-71,-71,-71,-71,-71,-62,-62,-62,-62,-67,-68,-68,-84,,,,,,-80,-68,,-87,-88,,-88,-88,,,,,,,,,,,,,,,,,,,,-84,-94,,,,,,,,,,,,,,,,,,,,,,,,,,,,,,,,,,,,,,,,,,,,,,
2026-07-07 17:34:59.233,,,,,,,,,,,-83,,,,,,,,,-74,-74,-61,-62,-61,-62,,,,,,,,,-80,,,,,,,,,,,,,,,,,,,-76,,,,,,,,,,,-77,-76,,,,,,,,,,,,,,,,,,,,,,,,,,,,,,,,,,,,,,,,,,,,
2026-07-07 17:34:59.566,,,,-82,-82,,-72,-71,-71,-72,,,-82,,,,,,,,,,,,,-67,-66,-67,-85,,,,,,,-66,,,,,-89,,,,,,,,,,,,,-82,-84,,,,,,,,-93,,,,,,,,,,,,,,,,,,,,,,,,,,,,,,,,,,,,,,,,,,,,,,
2026-07-07 17:34:59.899,-79,-78,-78,,,,,,,,-83,,,,,,,,,,,,,,,,,,,,,,,,-77,,,,,,,,,,,,,,,,,,,,,,,-79,,-79,,,,,,-79,,,,,,,,,,,,,,,,,,,,,,,,,,,,,,,,,,,,,,,,,,,
2026-07-07 17:35:00.233,,,,-79,-79,,-71,-71,-71,-71,,-92,-79,,-84,,,,,,,,,,,,,,,,,,,,,,,,,-87,,,,,,,-93,,,,,,,-80,-79,-81,-80,,,,,,,,,,-93,,,,,,,,,,,,,,,,,,,,,,,,,,,,,,,,,,,,,,,,,,
2026-07-07 17:35:00.566,-78,-76,-76,,,,-70,,,-70,,,,,-81,-83,-68,-77,-77,-76,-77,-61,-62,-62,-62,-68,-68,-66,-81,-89,-90,-88,,,,-67,,,,,,,,,,,,,,,,-90,,,,,,,,,,,,,,,,-84,-91,,,,,,,,,,,,,,,,,,,,,,,,,,,,,,,,,,,,,,,,
2026-07-07 17:35:00.900,,,,,,,,,,,,,,,,,,-74,-74,-74,-74,-61,-62,-61,-61,,,,,,,,,,,,,,,,,,,,,,,,,,,,-73,,,,,,,,,,,-73,-73,,,,,-73,,,,,,,,,,,,,,,,,,,,,,,,,,,,,,,,,,,,,,,
2026-07-07 17:35:01.233,,,,,,,,,,,,,,,,,,,,,,,,,,-69,-69,-68,-84,,,,,,,-69,-86,,,,-89,,,,-93,-93,-94,,,,,,,,-86,-85,-85,,,,,-86,,,,,,-87,,,,,,,,,,,,,,,,,,,,,,,,,,,,,,,,,,,,,,,,,
2026-07-07 17:35:01.566,-79,-80,-80,,,,,,,,-81,,,,,,,,,,,,,,,,,,,,,,,,-80,,,,,,,,,,,,,,,,,,-78,,,,,-76,-78,-78,,,,-78,-78,-79,,,,-79,,,,,,,,,,,,,,,,,,,,,,,,,,,,,,,,,,,,,,,
2026-07-07 17:35:01.900,,,,,,,-71,-70,-70,-70,,-95,,-83,-80,-86,,,,,,,,,,,,,,,,,,,,,,,-86,-86,-87,-87,,,,,,,,,,,,,-85,-85,-85,,,,,,,,,,-94,,,,,,,,,,,,,,,,,,,,,,,,,,,,,,,,,,,,,,,,,,
2026-07-07 17:35:02.233,-75,-75,-75,,,,-70,-70,-70,-70,,,,,,-83,-63,-72,-73,-72,-72,-60,-59,-60,-59,-68,-68,-70,,,,,,,,-70,,-90,-88,,-89,-89,,,,,,,,,,,,,,,,,,,,,,,,,,-87,,,,,,,,,,,,,,,,,,,,,,,,,,,,,,,,,,,,,,,,,
2026-07-07 17:35:02.567,,,,,,,,,,,,,,,,,,-74,-75,-75,-75,-61,-61,-61,-61,,,,,,,,,-85,,,,,,,,,,,,,,,,,,,,,,,,,,,,,,,,,,,,,,,,,,,,,,,,,,,,,,,,,,,,,,,,,,,,,,,,,,,
2026-07-07 17:35:02.900,,,,-80,,-79,,,,,,-92,-80,,,,,,,,,,,,,-76,-77,-74,-76,,,,,,,-75,,-88,-89,,,,,,-94,,,,,,-87,,,,,,,,,,,-86,,,,,,,,,,,,,,,,,,,,,,,,,,,,,,,,,,,,,,,,,,,,,,,
2026-07-07 17:35:03.233,-73,-73,-74,,,,,,,,-77,,,,,,,,,,,,,,,,,,,,,,,,-74,,,,,,,,,,,,,,,,,,,,,,,,,,,,,,,,,,,,,,,,,,,,,,,,,,,,,,,,,,,,,,,,,,,,,,,,,,
2026-07-07 17:35:03.567,-70,-70,-70,,-79,,-70,-69,-69,-69,,,-79,-85,,,-68,-75,-77,-77,-77,-64,-66,-67,-67,,,,,,,,,,-70,,,,-89,,,,,,,,,,,,,,,,,,,,,,,,,,,,,,,,,,,,,,,,,,,,,,,,,,,,,,,,,,,,,,,,,,,,,,
2026-07-07 17:35:03.900,,,,,,,-71,-70,-71,-71,,,,,-82,-87,,,,,,,,,,-72,-73,-72,,,,,,,,-73,,,,,-87,,,,-91,-91,-92,-84,,,,,,,,,,,,,,-85,,,,,,-86,,,,,,,,,,,,,,,,,,,,,,,,,,,,,,,,,,,,,,,,,
2026-07-07 17:35:04.234,,,,,,,,,,,-82,,,,,,,,,,,,,,,,,,,,,,,,,,,,,,,,,,,,,,,,,,,,,,,,,,,,,,,,,,,,,,,,,,,,,,,,,,,,,,,,,,,,,,,,,,,,,,,,,,
2026-07-07 17:35:04.567,,,,-79,-80,-79,-70,-70,,-70,,-88,-79,-88,,,,,,,,,,,,-69,-69,-69,-79,,,,,,,-69,,-88,-89,,,,,,-89,-87,-88,,,,-88,-86,,,,,,,,,-90,,,,,,,-88,-91,,,,,,,,,,,,,,,,,,,,,,,,,,,,,,,,,,,,,,,,
2026-07-07 17:35:04.901,-67,-67,-67,,,,,,,,-77,,,,,,-59,,,,,,,,,,,,,,,,,,-68,,,,,,,,,,,,,,,,,,,,,,,,,,,,,,,,,,,,,,,,,,,,,,,,,,,,,,,,,,,,,,,,,,,,,,,,,,
2026-07-07 17:35:05.234,,,,,,,-68,-67,-68,-68,,,,,-81,-84,-58,-77,-77,-78,-77,-60,-60,-60,-60,-69,-69,-68,-73,,,,,-78,,-69,,,,-88,,,,,,,,,,,,,,,,,,,,,,,,,,,,,,,,,,,,,,,,,,,,,,,,,,,,,,,,,,,,,,,,,,,,,
2026-07-07 17:35:05.567,,,,,,,,,,,,-87,,,-84,-87,,,,,,,,,,-64,-64,-62,,,,,,-81,,-64,-85,,,-89,,,,,-90,-88,-88,-86,,,,,,,,,,,,,,-85,,,,,,-84,,,-85,,,,,,,,,,,,,,,,,,,,,,,,,,,,,,,,,,,,,,
2026-07-07 17:35:05.901,,,,,,,,,,,-77,,,,,,,,,,,,,,,,,,,,,,,,,,,,,,,,,,,,,,,,,,,,,,,,,,,,,,,,,,,,,-91,-86,-86,-87,-86,,,,,,,,,,,,,,,,,,,,,,,,,,,,,,,,,
2026-07-07 17:35:06.234,,,,,-76,-74,-63,-63,-63,-63,,-89,,-89,,,,,,,,,,,,-70,-68,-68,-82,,,,,,,-69,-85,-87,,,,,,,-90,-89,-88,,,,-84,-84,,,,,,,,,,-85,,,,,,-85,-84,,-84,,,,,,,,,,,,,,,,,,,,,,,,,,,,,,,,,,,,,,
2026-07-07 17:35:06.568,-72,-72,-72,,-74,-74,,-63,-63,-63,-76,-89,-74,,,,-63,,,,,,,,,,,,,,,,,,-72,,,,,,,,,,,-89,-89,,,,,,,,,,,,,,,,,,,,,,,,,,-86,,,,,,,,,,,,,,,,,,,,,,,,,,,,,,,,,,,,
2026-07-07 17:35:06.901,-74,-74,-74,,,,,,,,,,,,-82,-85,-65,-80,-80,-80,-81,-64,-64,-64,-64,,,,,,,,,,-73,,,,,,,,,,,,,,,,,,,,,,,,,,,,,,,,,,,,,-90,,,,,-92,,,,,,,,,,,,,,,,,,,,,,,,,,,,,,,,
2026-07-07 17:35:07.234,,,,,,,,,,,,-90,,,-83,,,,,,,,,,,-70,-70,-70,-78,,,,,-77,,-71,,,,-87,-85,,,,,-90,-89,-86,,,,,,,,,,,,,,,,,,,-93,,,,,,,,,,,,,,,,,,,,,,,,,,,,,,,,,,,,,,,,,,
2026-07-07 17:35:07.568,,,,,,,,,,,-76,,,,,,,,,,,,,,,,,,,,,,,,,,,,,,,,,,,,,,,,,,,,,,,,,,,,,,,,,,,,,-87,,-89,,-90,,,,,,,,,,,,,,,,,,,,,,,,,,,,,,,,,
2026-07-07 17:35:07.901,,,,,-76,-76,-62,-62,-61,-62,,-87,,,,,,,,,,,,,,-69,-68,-68,-79,,,,,,,-69,,,-85,,-86,-85,,,,-87,-87,,,,,,,,,,,,,,,,,,,,,,,,,,,,,,,,,,,,,,,,,,,,,,,,,,,,,,,,,,,,,,
2026-07-07 17:35:08.235,-73,-73,-73,-80,,,-63,-62,-63,-63,-79,-87,-80,,,,-59,,,,,,,,,,,,,,,,,,-73,,,,,,,,,,-87,-87,-87,,,,,,,,,,,,,,,,,,,,,,,,,,,,-90,-91,,,,,,,,,,,,,,,,,,,,,,,,,,,,,,,,,
2026-07-07 17:35:08.568,,,,,,,,,,,,,,,,,-61,-82,-83,-82,,-66,-68,-68,,-70,-70,,,,,,,,,-70,,,,,,,,,,,,,,,,,,,,,,,,,,,,,,,,,,,,-87,,,,,,,,,,,,,,,,,,,,,,,,,,,,,,,,,,,,,
2026-07-07 17:35:08.901,,,,,,,,,,,,-88,,,-87,-84,,,,,,,,,,-78,-78,-78,,,,,,-79,,-77,-83,-86,-86,-87,-87,-86,,,-86,-88,-87,,,,,,,,,,,,,,-86,-82,,,,,-91,-83,,,-83,,,,,,,,,,,,,,,,,,,,,,,,,,,,,,,,,,,,,,
2026-07-07 17:35:09.235,,,,,,,,,,,,,,,,,,,,,,,,,,,,,,,,,,,,,,,,,,,,,,,,,,,,,,,,,,,,,,,,,,,,,,,,,-87,-87,-88,-88,,,,,,,,,,,,,,,,,,,,,,,,,,,,,,,,,
2026-07-07 17:35:09.568,,,,-77,,,-59,-59,-60,-60,,,-77,,,,,,,,,,,,,,,,,,,,,,,,,,,,,,,,,,,,,,,,,,,,,,,,,-83,,,,,,-83,,,,,,,,,,,,,,,,,,,,,,,,,,,,,,,,,,,,,,,,,
2026-07-07 17:35:09.902,-74,-73,-73,-76,-76,-76,-59,-60,-60,-61,-75,,-76,,-83,-86,-61,,,,,,,,,-77,-77,-76,-73,,,,,,-72,-77,,,,,,,,,,,,,,,,,,,,,,,,,,,,,,,,,,,,,,-89,-87,-88,,-93,,,,,,,,,,,,,,,,,,,,,,,,,,,,,,,
2026-07-07 17:35:10.235,,,,,,,,,,,,,,,,,-60,-84,-84,-83,-84,-74,-74,-74,-74,,,,,,,,,-81,,,,,,,,,,,,,,,,,,,,,,,,,,,,,,,,,,,,,,-84,,,,,-88,,,,,,,,,,,,,,,,,,,,,,,,,,,,,,,,
2026-07-07 17:35:10.568,,,,,,,,,,,,,,,-83,,,,,,,,,,,-76,-75,-76,-72,,,,,-76,,-75,-78,-84,,-87,-85,-85,,,-91,-89,,,,,-79,-78,,,,,,,,,-78,-78,,,,,-93,-78,-79,,-78,,,,,,,,,,,,,,,,,,,,,,,,,,,,,,,,,,,,,,
2026-07-07 17:35:10.902,,,,,,,,,,,-74,,,,,,,,,,,,,,,,,,-71,,,,,,,,,-85,-86,,-85,-85,,,,,,,,,-78,-77,,,,,,,,,-77,-81,,,,,,-81,-78,,,,,,,,,,,,,,,,,,,,,,,,,,,,,,,,,,,,,,,,
2026-07-07 17:35:11.235,,,,-73,-73,-73,-62,-62,-62,-62,-76,-91,-73,,,,,,,,,,,,,,,,,,,,,,,,,,,,,,,,-92,-89,-92,,,,,,,,,,,,,,,,,,,,,,,,,,-90,-88,-90,,,-93,-92,,,,,,,,,,,,,,,,,,,,,,,,,,,,,,
2026-07-07 17:35:11.569,-66,-66,-65,,-76,-77,-62,-62,-62,-62,,,-76,-93,,,-58,,,,,,,,,,-83,-82,,,,,,,-65,-83,,,,,,,,,,,,-84,,,,,,,,,,,,,,,,,,,,,,,,,,,,,-88,,,-94,,,,,,,,,,,,,,,,,,,,,,,,,,,,,
2026-07-07 17:35:11.902,-67,-67,-67,,,,,,,,,,,,,,-59,-86,-86,-87,-86,-72,-72,-72,-72,,,,,,,,,,-67,,,,,,,,,,,,,-85,,,,,,,,,,,,,,,,,,,,,,,,-80,,,,,,,,,,,,,,,,,,,,,,,,,,,,,,,,,,,,,
2026-07-07 17:35:12.235,,,,,,,,,,,,-92,,,-85,-80,,,,,,,,,,-77,-78,-77,-69,,,,,-70,,-77,,-88,,-86,-88,-89,,,-91,-91,-92,,,,-82,-81,,,,,,,,,,-83,,,,,,-81,,,,,,,,,,-89,-91,-90,-90,,,,,,,,,,,,,,,,,,,,,,,,,,,,
2026-07-07 17:35:12.569,,,,,-73,,,,,,-73,-94,,,,,,,,,,,,,,-79,-79,-79,-72,,,,,,,-79,-79,-85,-68,,-85,-87,,,-94,-93,-93,,,,-81,-79,,,,,,,,,-79,-79,,,,,,-79,-82,,-79,-77,-87,-87,-87,-87,,,,,,,,,,,,,,,,,,,,,,,,,,,,,,,,,
2026-07-07 17:35:12.902,-67,-67,-67,,,,-62,-62,-62,-62,,,,-92,,,,,,,,,,,,,,,,,,,,,-67,,,,,,,,,,,,,,,,,,,,,,,,,,,,,,,,,,,,,,,,,,,,,,,,,,,,,,,,,,,,,,,,,,,,,,,,,,
2026-07-07 17:35:13.236,,,,-73,-73,-73,-62,-62,-61,-61,,,-73,-92,,,,,,,,,,,,-80,-80,-80,-72,,,,,,,-81,,,,-86,,,,,,,,,,,,,,,,,,,,,,,,,,,,,,,,,,,,,-85,,,,,,,,,,,,,,,,,,,,,,,,,,,,,,,,
2026-07-07 17:35:13.569,-60,-61,-61,,,,,,,,,,,,,,-53,-81,-84,-84,-84,-68,-70,-69,-70,,,,,,,,,-73,-59,,,,,,,,,,,,,,,,,,,,,,,,,,,,,,,,,,,,,-77,,,,,,,,,,,,,,,,,,,,,,,,,,,,,,,,,,,,,
2026-07-07 17:35:13.902,,,,,,,,,,,,-91,,,,-82,,,,,,,,,,-80,,,,,,,,-67,,,-83,,,,,,,,-90,-90,-89,,,,-75,-74,,,,,,,,,,-68,,,,,-94,-83,-75,,-83,,,,,,,,,,,,,,,,,,,,,,,,,,,,,,,,,,,,,,
2026-07-07 17:35:14.236,,,,-72,-72,-72,-67,-67,-67,-67,-71,,-72,-90,,,,,,,,,,,,,,,,,,,,,,,-81,-85,,,,-85,,,-88,-88,-88,,,,-75,-75,,,,,,,,,-75,-82,,,,,,-82,-75,,-82,,,,,,,,,,,-90,-89,,,,,,,,,,,,,,,,,,,,,,,,,,
2026-07-07 17:35:14.569,-54,-54,-54,,,,,,,,-73,,,,,,-48,,,,,,,,,,,,,,,,,,-53,,,,,,,,,,,,,,,,,,,,,,,,,,,,,,,,,,,,,,,,,,,,,,,,,,,,,,,,,,,,,,,,,,,,,,,,,,
2026-07-07 17:35:14.903,,,,-72,-72,-73,-69,-69,,-69,,,-72,-88,,-78,,,,,,,,,,-83,,,-69,,,,,-71,,,,,,,,,,,,,,-85,,,,,,,,,,,,,,,,,,,,,,,,,,,,,-81,,,,,,,,,,,,,,,,,,,,,,,,,,,,,,,,
2026-07-07 17:35:15.236,,,,,,,,,,,,,,,-80,,-41,-87,,,-88,-78,-77,-78,-77,,,,,,,,,,,,,,,-85,,,,,,,,,,,,,,,,,,,,,,,,,,,,,,,,-69,,,,,,,,,,,,-91,-93,-93,,,,,,,,,,,,,,,,,,,,,,,
2026-07-07 17:35:15.569,,,,,,,,,,,,,,,,,,,,,,,,,,-85,-86,-86,-65,,,,,-69,,-85,-82,,,,-88,-86,,,,,,,,,-73,-74,,,,,,,,,-74,-81,,,,,,-81,-74,,-81,-67,,,,,,,,,,,,,,,,,,,,,,,,,,,,,,,,,,,,,
2026-07-07 17:35:15.903,,,,-73,-74,-73,-64,-64,-64,-64,-68,-90,-73,,,,,,,,,,,,,,,-85,-64,,,,,,,-86,,-88,-87,,,,,,-89,,,,,,-70,-70,,,,,,,,,-70,,,,,,,,-70,,-84,,,,,,,,,,,,,,,,,,,,,,,,,,,,,,,,,,,,,,
2026-07-07 17:35:16.236,-59,-59,-59,,,,,,,,-68,,,,,,-50,,,,,,,,,,,,,,,,,,-59,,,,,,,,,,,,,,,,,,,,,,,,,,,,,,,,,,,,,,,,,,,,,,,,,,,,-90,,,,,,,,,,,,,,,,,,,,,,
2026-07-07 17:35:16.570,,,,-79,-79,-79,-62,-62,-62,-62,,,-79,,-84,-80,,,,,,,,,,-83,-83,-82,-64,,,,,-61,,-82,,,,-86,,,,,,,,-83,,,,,,,,,,,,,,,,,,,,,,,,,,,,,-80,,-94,,,,,,,,,,,,,,,,,,,,,,,,,,,,,,
2026-07-07 17:35:16.903,-54,-54,-54,,,,,,,,,,,,,-80,-50,-85,-87,-89,-87,-80,-79,-79,-80,,,,,,,,,,-54,,-84,,,,,,,,,,,-82,,,,,,,,,,,,,,-83,,,,,,,,,-83,-69,,,,,,,,,,-86,-85,,,,,-86,,,,,,,,,,,,,,,,,,,,,
2026-07-07 17:35:17.237,,,,,,,,,,,-66,,,,,,,,,,,,,,,,,,,,,,,-64,,,,,-87,,,-87,,,,,,,,,-74,-74,,,,,,,,,-74,,,,,,,,,,,,-89,-88,,-88,,,,,,,,,,,,,,,,,,,,,,,,,,,,,,,,,
2026-07-07 17:35:17.570,,,,-75,,-75,-63,-64,-63,-63,,-90,-75,-90,,,,,,,,,,,,,,,,,,,,,,,-82,-88,,,,-88,,,-87,,-89,,,,-74,-75,,,,,,,,,-74,-82,,,,,,-84,-74,,-82,,,,,,,,,,,,,,,,,,,,,,,,,,,,,,,,,,,,,,
2026-07-07 17:35:17.903,-63,-62,-62,,,,,,,,-67,,,,,,-51,,,,,,,,,,,,,,,,,,-60,,,,,,,,,,,,,,,,,,,,,,,,,,,,,,,,,,,,,,,-88,-88,-88,,,,,,,,,,,,,,,,,,,,,,,,,,,,,,,,,
2026-07-07 17:35:18.237,,,,-71,-72,-71,-64,-65,-65,-65,,-90,-72,-88,-81,-77,,,,,,,,,,-90,-88,-90,,,,,,,,-88,,,,-86,,,,,,,,,,,,,,,,,,,,,,,,,,,,,,,,,,,,,-74,,,,,,,,,,,,-93,,,,,,,,,,,,,,,,,,,,
2026-07-07 17:35:18.570,-63,-63,-63,,,,,,,,,-90,,,-83,-81,-49,,,,,-80,-79,-80,,-93,-93,-93,-58,,,,,,-63,-93,-79,,,,-86,-86,,,-89,-90,-90,-84,,,-78,-78,,,,,,,,,,-78,,,,,-93,-79,-79,,-79,-70,,,,,,,,,,,-86,,,,,-87,,,,,,,,,,,,,,,,,,,,,
2026-07-07 17:35:18.904,,,,,,,,,,,-69,,,,,,,,,,,,,,,,,,,,,,,-55,,,,,,,,,,,,,,,,,,,,,,,,,,,,,,,,,,,,,,,,-88,,-90,,,,,,,,,,,,,,,,,,,,,,,,,,,,,,,,,
2026-07-07 17:35:19.237,,,,-73,-73,-73,-65,-65,-65,-65,,,-73,,,,,,,,,,,,,,,,-55,,,,,,,,-79,,,,,,,,-88,-87,,,,,,,,,,,,,,,,,,,,,,-78,,,-79,,,,,,,,,,,,,,,,,,-92,,,,,,,,,,,,,,,,,,,,
2026-07-07 17:35:19.570,-66,-66,-66,,,,,,,,-64,,,,,,-59,,,,,,,,,,,,,,,,,,-66,,,,,,,,,,,,,,,,,,,,,,,,,,,,,,,,,,,,,,,,-88,,,,,,,,,,,,,,,,,,,,,,,,,,,,,,,,,,
2026-07-07 17:35:19.904,-62,-62,-61,-71,-72,-71,-67,-67,-67,-67,,,,-92,-83,-77,-55,,,,,,,,,,,-93,,,,,,,-61,,,,,,,,,,,,,-84,,,,,,,,,,,,,,,,,,,,,,,,,,,,,-70,,,,,,,,,,,,,,,,,,,,,,,,,,,,,,,,
2026-07-07 17:35:20.237,,,,,,,,,,,,-90,,,-84,,,,,,,-76,-78,-78,-77,-92,-94,-93,-51,,,,,,,-93,-81,,,-84,-87,-87,,,,,,-82,,,,,,,,,,,,,,-82,,,,,,-81,,,-81,-80,,,,,,,,,,,,,,,,,,,,,,,,,,,,,,,,,,,,,
2026-07-07 17:35:20.571,,,,,,,,,,,-63,,,,,,,,,,,,,,,,,,,,,,,-50,,,,,,,,,,,,,,,,,,,,,,,,,,,,,,,,,,,,,,-80,,-84,-86,-86,,,,,,-88,,,,,,-89,,,,,,,,,,,,,,,,,,,,,
2026-07-07 17:35:20.904,,,,-71,-71,-71,-70,-71,-70,-70,,-87,-72,-93,,,,,,,,,,,,-95,-94,-94,-55,,,,,,,,-85,-88,,,,,,,-86,-85,-86,,,,-81,-81,,,,,,,,,-82,-85,,,,,,,-82,,-85,,,,,,,,,,,,,,,,,,,,,,,,,,,,,,,,,,,,,,
2026-07-07 17:35:21.237,-66,-66,-64,,,,,,,,-61,,,,,,-56,,,,,,,,,,,,,,,,,,-65,,,,,,,,,,,,,-85,,,,,,,,,,,,,,,,,,,,,,,,,-88,-86,-86,,,,,,,,,,,,,,,-86,,,,,,,,,,,,,,,,,,,
2026-07-07 17:35:21.571,-70,-70,-70,-68,,,-67,-67,-68,-67,,,-68,,-84,-74,-58,-91,-89,-88,-88,-83,-82,-83,-82,,-93,-93,,,,,,-47,-70,-94,,,,,,,,,,,,,,,,,,,,,,,,,,,,,,,,,,,,-78,,,,,-68,,,,,,,,,,,,,,,,,,,,,,,,,,,,,,,,
2026-07-07 17:35:21.904,,,,,,,,,,,,,,,-80,-73,,,,,,,,,,-94,-95,,-52,,,,,,,,-81,-85,-85,,-86,-85,,,-83,-82,,,,,-84,-84,,,,,,,,,,-81,,,,,,-81,,,-81,,,,,,,,,,,,,,,,,,,,,,,,,,,,,,,,,,,,,,
2026-07-07 17:35:22.238,,,,,,,,,,,-59,,,,,,,,,,,,,,,,,,,,,,,-54,,,,,,,,,,,,,,,,,,,,,,,,,,,,,,,,,,,,,,,,,,,,,,,,,,,,,,,,,,,,,,,,,,,,,,,,,,,
2026-07-07 17:35:22.571,,,,-72,-72,-73,-67,-67,-67,-67,,-83,-72,-91,,,,,,,,,,,,-93,,,-57,,,,,,,-94,-79,-85,-85,,-84,-84,,,-83,-84,-83,,,,,,,,,,,,,,,-79,,,,,-92,-79,-88,,-80,,,,,,,,,,,,,,,,,,-88,,,,,,,,,,,,,,,,,,,,
2026-07-07 17:35:22.904,-71,-71,-70,,,,,,,,-58,,,,,,,,,,,,,,,,,,,,,,,,-70,,,,,,,,,,,,,,,,,,,,,,,,,,,,,,,,,,,,,,-88,-87,-89,-87,,,,,,,,,,,,,,,,,,,,,,,,,,,,,,,,,
2026-07-07 17:35:23.238,-75,-75,-76,-67,-67,-67,-65,-65,-65,-65,,-86,-67,-91,-82,-74,-60,-91,,,,,,-81,,,,,,,,,,,-75,,,,,-86,,,,,-84,-85,-86,,,,,,,,,,,,,,,,,,,,,,,,,-83,,,,,,,,,,,,,,,,,,,,,,,,,,,,,,,,,,,,,
2026-07-07 17:35:23.571,,,,,,,,,,,,,,,-81,-71,,,,,,,,,,,,,-55,,,,,-62,,,-81,,,-84,,,,,,,,-81,,,-87,-86,,,,,,,,,-87,-81,,,,,,-81,,,-81,,,,,,,,,,,,,,,,,,,,,,,,,,,,,,,,,,,,,,
2026-07-07 17:35:23.905,-74,-74,-74,,,,,,,,-55,,,,,,-62,,,,,-86,-83,-83,-83,,,,,,,,,,-73,,,,,,,,,,,,,,,,,,,,,,,,,,,,,,,,,,,,,-82,-90,-89,-88,-87,,,,,,,,,,,,,,,,,,,,,,,,,,,,,,,,,
2026-07-07 17:35:24.238,-73,-73,-73,,,,,,,,-51,,,,,,-65,-90,-90,,,-83,-82,-83,-82,,,,,,,,,,-71,,,,,,,,,,,,,,,,,,,,,,,,,,,,,,,,,,,,,-86,-84,-85,-71,-84,,,,,,,,-89,-88,-89,,,,-88,,,,,,,,,,,,,,,,,,,
2026-07-07 17:35:24.571,-75,-75,-75,,,,,,,,-55,,,,,,-68,-90,,,-89,-86,-85,-87,-86,,,,,,,,,,-74,,,,,,,,,,,,,,,,,,,,,,,,,,,,,,,,,,,,,-85,-90,-88,-88,-88,,,,,,,,-89,,-90,,,,-90,,,,,,,,,,,,,,,,,,,
2026-07-07 17:35:24.905,-74,-74,-74,,,,,,,,-52,,,,,,-64,,-90,-87,-88,-85,,-86,-85,,,,,,,,,,-74,,,,,,,,,,,,,,,,,,,,,,,,,,,,,,,,,,,,,-87,-86,-86,-87,-85,,,,,,,,-88,-89,-87,,,,-89,,,,,,,,,,,,,,,,,,,
2026-07-07 17:35:25.238,-73,-74,-73,,,,,,,,-47,,,,,,-64,-89,-88,-88,-88,-82,-82,-82,-82,,,,,,,,,,-73,,,,,,,,,,,,,,,,,,,,,,,,,,,,,,,,,,,,,-86,-88,-88,-89,-87,,,,,,,,-88,-87,-88,,,,-89,,,,,,,,,,,,,,,,,,,
2026-07-07 17:35:25.572,-76,-76,-75,,,,,,,,-46,,,,,,-70,-88,-91,,-90,-84,-83,-84,-71,,,,,,,,,,-74,,,,,,,,,,,,,,,,,,,,,,,,,,,,,,,,,,,,,-89,-84,-81,-83,-83,,,,,,,,-85,-85,-85,,,,-85,,,,,,,,,,,,,,,,,,,
2026-07-07 17:35:25.905,-76,-76,-76,,,,,,,,-48,,,,,,-66,-88,-88,-90,-89,-83,-84,-83,-85,,,,,,,,,,-76,,,,,,,,,,,,,,,,,,,,,,,,,,,,,,,,,,,,,-88,-84,-84,-85,-85,,,,,,,,-87,,-87,,,,-88,,,,,,,,,,,,,,,,,,,
2026-07-07 17:35:26.238,-76,-76,-76,,,,,,,,-46,,,,,,-61,-89,-90,-90,-88,-84,-85,-84,-82,,,,,,,,,,-75,,,,,,,,,-84,,,,,,,,,,,,,,,,,,,,,,,,,,,,-90,-86,-86,-86,-86,,,,,,,,-87,-85,-72,,,,-86,,,,,,,,,,,,,,,,,,,
2026-07-07 17:35:26.572,,,,-64,-65,-64,,,,,-43,,-64,,,,,-88,-88,-89,-88,-84,-85,,-84,,,,,,,,,,,,-88,-87,-87,,-88,-87,,,-82,-83,-71,,,,,,,,,,,,,,,-87,,,,,-93,-87,,,-87,-89,-86,-85,-86,-85,,,,,,,,,-86,-87,,,,,,,,,,,,,,,,,,,,,,,
2026-07-07 17:35:26.905,,,,,,,,,,,-45,,,,,,,,,,,,,,,,,,,,,,,,,,,,,,,,,,,,,,,,,,,,,,,,,,,,,,,,,,,,,,-84,-82,-82,-82,,,,,,,,,,,,,,,,,,,,,,,,,,,,,,,,,
2026-07-07 17:35:27.239,,,,-61,-61,-61,-61,-61,-61,-61,,,-61,-93,,,,,,,,,,,,,,,,,,,,,,,,-86,-86,,-87,-87,,,-86,-86,,,,,,,,,,,,,,,,,,,,,,,,,,,,,,,,,,,,,,,,,,,-78,,,,,,,,,,,,,,,,,,,,
2026-07-07 17:35:27.572,-75,-75,-75,-65,-65,-65,-64,-64,-64,-64,-47,,-65,-91,,,-64,-88,-89,-90,-90,,,,,,,,,,,,,,-75,,,,,,,,,,,,,,,,,,,,,,,,,,,,,,,,,,,,,,,-83,-84,-83,,,,,,,,,-84,-85,,,-77,-83,,,,,,,,,,,,,,,,,,,
2026-07-07 17:35:27.905,-76,-77,-77,,,,,,,,,,,,-78,-68,-66,-88,,,-91,-84,-85,-84,-85,,,,,,,,,,,,,,,-80,,,,,,,,-78,,,,,,,,,,,,,,,,,,,,,,,,,,,,,-79,,,,,,,-79,-79,-78,,,,-80,,,,,,,,,,,,,,,,,,,
2026-07-07 17:35:28.239,,,,,,,,,,,,,,,,-65,,,,,,,,,,,,,-63,,,,,-71,,,-85,-88,-90,-82,-88,-88,,,,,,,,,-95,-94,,,,,,,,,-95,-85,,,,,,-85,-96,,-85,,,,,,-86,,,,,,,,,,,,,,,,,,,,,,,,,,,,,,,,
2026-07-07 17:35:28.572,,,,,,,,,,,-47,,,,,,,,-89,,,-82,-85,-84,-84,,,,,,,,,,,,,,,,,,,,,,,,,,,,,,,,,,,,,,,,,,,,,,,,-86,-85,-85,-85,,,,,,,,,,,,,,,,,,,,,,,,,,,,,,,,,
2026-07-07 17:35:28.906,,,,-54,-54,-54,,,,,,-82,-54,,,,,,,,,,,,,,,,-63,,,,,-70,,,-84,-88,-88,,,-90,,,-84,-82,-83,,,,,,,,,,,,,,,-84,,,,,-88,-84,,,-83,,,,,,,,,,,,,,,,,,,,,,,,,,,,,,,,,,,,,,
2026-07-07 17:35:29.239,-79,-79,-79,-53,-53,-53,-73,-72,-72,-72,-52,,-53,,-80,-62,-68,,,-89,,-82,-82,-82,,,,,,,,,,,-80,,,,,,,,,,,,,-79,,,,,,,,,,,,,,,,,,,,,,,,,-85,-87,-87,-86,,,,,,,,-86,-86,-86,,,,-87,,,,,,,,,,,,,,,,,,,
2026-07-07 17:35:29.572,-75,-76,-76,,,,,,,,,,,,,,-66,-91,-91,-91,,-89,,,-89,,,,,,,,,,-76,,,,,,,,,,,,,-79,,,,,,,,,,,,,,,,,,,,,,,,,,,,,-86,,,,,,,,,,,,,,,,,,,,,,,,,,,,,,,,
2026-07-07 17:35:29.906,,,,,,,,,,,,,,,-80,-59,,,,,,,,,,,,,-68,,,,,-74,,,-80,,-92,-79,,,,,,,,,,,,,,,,,,,,,,,,,,,,,,,-80,,,,,,-87,,,,,,,,,,,,,,,,,,,,,,,,,,,,,,,,
2026-07-07 17:35:30.239,,,,,,,,,,,-62,,,,,,,-89,,,,-84,-85,-86,-85,,,,,,,,,,,,-86,,,,,,,,,,,,,,,,,,,,,,,,,-86,,,,,,-87,,,-86,,-87,-88,-86,,,,,,,,,,,,,,,,,,,,,,,,,,,,,,,,,,
2026-07-07 17:35:30.573,,,,-49,-49,-49,,,,,-61,-81,-49,-90,,,,,,,,,,,,,,,,,,,,,,,,-90,-89,,-89,-89,,,-82,-81,-81,,,,,,,,,,,,,,,,,,,,-89,,,,,,,,,-86,,,,,,,,,,,,,-68,,,,,,,,,,,,,,,,,,,,
2026-07-07 17:35:30.906,-81,-80,-80,-52,-52,-52,-61,-62,-61,-61,,,-52,-91,-79,-59,-75,-89,,,-90,,-82,-85,-85,,,,,,,,,,-80,,,,,,,,,,,,,-82,,,,,,,,,,,,,,,,,,,,,,,,,,,,,,,,,,,,,,,,,-65,,,,,,,,,,,,,,,,,,,,
2026-07-07 17:35:31.239,-84,-84,-83,,,,,,,,,,,,,,-71,,,-90,,-87,-88,-87,-87,,,,,,,,,,-83,,,,,,,,,,,,,-75,,,,,,,,,,,,,,,,,,,,,,,,,,,,,-85,,,,,,,,,,,,,,,,,,,,,,,,,,,,,,,,
2026-07-07 17:35:31.573,,,,,,,,,,,,,,,-78,-58,,,,,,,,,,,,,-68,,,,,-75,,,-80,,-90,-82,-91,,,,,,,,,,,,,,,,,,,,,-81,,,,,,-80,,,-80,,,,,,,,,,,,,,,,,,,,,,,,,,,,,,,,,,,,,,
2026-07-07 17:35:31.906,,,,,,,,,,,-64,-77,,,,,,-90,,,,-86,,,,,,,,,,,,,,,-79,-95,-93,,-94,-94,,,-77,-77,-77,,,,,,,,,,,,,,,,,,,,,,,,-79,,-82,-82,-82,-79,,,,,,,,,,,,,,,,,,,,,,,,,,,,,,,,,
2026-07-07 17:35:32.240,,,,-42,-42,-42,,,,,-63,,-42,-92,,,,,,,,,,,,,,,,,,,,,,,,,,,,,,,,,,,,,,,,,,,,,,,,,,,,,,,,,,,-85,,,,,,,,,,,,,,,,-67,,,,,,,,,,,,,,,,,,,,
2026-07-07 17:35:32.573,-78,-79,,,,,-65,-65,-65,-65,,,,,-84,-63,-73,-92,-90,-89,-89,-86,-85,-85,-86,,,,,,,,,,-78,,,,,-81,,,,,,,,-75,,,,,,,,,,,,,,,,,,,,,,,,,,,,,-89,,,,,,,,,,,,,,,,,,,,,,,,,,,,,,,,
2026-07-07 17:35:32.907,-82,,-81,,,,,,,,,,,,,,-71,-90,,,,,,-93,,,,,,,,,,,-80,,,,,,,,,,,,,-81,,,,,,,,,,,,,,,,,,,,,,,,,,,,,,,,,,,,,,,,,,,,,,,,,,,,,,,,,,,,,
2026-07-07 17:35:33.240,,,,,,,,,,,,,,,-82,-58,,,,,,,,,,,,,-75,,,,,-78,,,-82,-91,-90,-81,-91,-91,,,,,,,,,,,,,,,,,,,,,,,,,,-80,,,-81,,,,,,,,,,,,,,,,,,,,,,,,,,,,,,,,,,,,,,
2026-07-07 17:35:33.573,,,,-54,-54,-54,-60,-59,-60,-60,-65,-76,-54,-92,,,,,,,,,,,,,,,,,,,,,,,-82,,,,-89,,,-77,-76,-76,-75,,,,,,,,,,,,,,,-82,,,,,-87,,,,-82,,-80,-80,-80,-69,,,,,,,,,,,,,-72,,,,,,,,,,,,,,,,,,,,
2026-07-07 17:35:33.907,-82,-83,-83,,,,,,,,-65,,,,,,-73,,,,,,,,,,,,,,,,,,-82,,,,,,,,,,,,,,,,,,,,,,,,,,,,,,,,,,,,,,-84,-83,-69,-83,,,,,,,,,,,,,,,,,,,,,,,,,,,,,,,,,
2026-07-07 17:35:34.240,,,,-56,-56,-56,-61,-61,-61,-61,,,-56,,,-61,,,,,,,,,,,,,,,,,,,,,,,,-78,,,,,,,,-79,,,,,,,,,,,,,,,,,,,,,,,,,,,,,-89,,,,,,,,,,,,,,,,,,,,,,,,,,,,,,,,
2026-07-07 17:35:34.574,-87,-86,-86,,,,,,,,,,,,-78,,,,-90,,,,,,,,,,,,,,,,,,,,,-77,,,,,,,,-79,,,,,,,,,,,,,,,,,,,,,,,,,,,,,,,,,,,,,,,,,,,,,,,,,,,,,,,,,,,,,
2026-07-07 17:35:34.907,,,,,,,,,,,,,,,,-62,,-90,-90,-90,,-88,,,-86,,,,-77,,,,,-79,,,-76,-94,-93,,-93,-93,,,,,,,,,,,,,,,,,,,,-77,,,,,,-76,,,-76,,,,,,,,,,,,,,,,,,,,-88,-89,,,,,,,,,,,,,,,,,
2026-07-07 17:35:35.240,,,,-60,-60,-60,-58,-58,-58,-58,-66,-75,-60,,,,,,,,,,,,,,,,,,,,,,,,-77,,,,-92,-93,,,,-75,-75,,,,,,,,,,,,,,,-77,,,,,-83,-77,,,-77,,-80,-81,-79,-81,,,,,,,,,,,,,-77,,,,,,,,,,,,,,,,,,,,
2026-07-07 17:35:35.574,-85,-85,-84,,,,,,,,-65,,,,,,-76,-91,,,-91,-91,-91,-91,-93,,,,,,,,,,-85,,,,,,,,,,,,,,,,,,,,,,,,,,,,,,,,,,,,,,-80,-80,-79,-81,,,,,,,,,,,,,,,,,,,,,,,,,,,,,,,,,
2026-07-07 17:35:35.907,,,,,,,-60,-60,-60,-60,,,,,-78,-55,,,,,,,,,,,,,,,,,,,,,,,,-72,,,,,,,,-75,,,,,,,,,,,,,,,,,,,,,,,,,,,,,,,,,,,,,,,,,,,,,,,,,,,,,,,,,,,,,
2026-07-07 17:35:36.241,-85,-86,-85,,,,,,,,,,,,-77,-56,-82,,,,-91,-92,,,,,,,,,,,,,-84,,,,,-78,,,,,,,,-78,,,,,,,,,,,,,,,,,,,,,,,,,,,,,,,,,,,,,,,,,,,-89,-87,-90,,,,,,,,,,,,,,,,
2026-07-07 17:35:36.574,,,,,,,,,,,-67,-79,,,,,,,,,,,,,,,,,,,,,,-81,,,-80,-88,,,-88,-88,,,,,,,,,,,,,,,,,,,,-80,,,,,-84,-79,,,-79,,,,,,,,,,,,,,,,,,,,,,,,,,,,,,,,,,,,,,
2026-07-07 17:35:36.907,,,,-61,-61,-61,-54,-54,-54,-54,,-73,-61,-90,,,,,,,,,,,,,,,,,,,,,,,,-85,-85,,,,,,-73,-73,-73,,,,,,,,,,,,,,,,,,,,-80,,,,,,-81,-80,-78,-81,,,,,,,,,,,,,-79,,,,,,,,,,,,,,,,,,,,
2026-07-07 17:35:37.241,-84,-84,-84,,,,,,,,-67,,,,,,-78,,,,,,-90,,,,,,,,,,,,-84,,,,,,,,,,,,,,,,,,,,,,,,,,,,,,,,,,,,,,-77,-76,-77,-76,,,,,,,,,,,,,,,,,,,,,,,,,,,,,,,,,
2026-07-07 17:35:37.574,,,,,,,-52,-52,-52,-52,,,,,-76,-55,,,,,,,,,,,,,,,,,,,,,,,,-74,,,,,,,,-75,,,,,,,,,,,,,,,,,,,,,,,,,,,,,,,,,,,,,,,,,,,,,,,,,,,,,,,,,,,,,
2026-07-07 17:35:37.908,-86,-86,,,,,,,,,-74,-73,,,,,-77,-90,-91,-91,-92,-90,-90,-90,-90,,,,-82,,,,,,-86,,-78,,,,,-86,,,-74,-73,-73,,,,,,,,,,,,,,,,,,,,-77,-78,,,-78,,,,,,,,,,,,,,,,,,,,-89,,,-90,,,,,,,,,,,,,,,
2026-07-07 17:35:38.241,,,,,,,,,,,-70,,,,,,,,,,,,,,,,,,,,,,,-83,,,,,,,,,,,,,,,,,,,,,,,,,,,,,,,,,,,,,,,-73,-74,-74,-74,,,,,,,,,,,,,,,,,,,,,,,,,,,,,,,,,
2026-07-07 17:35:38.574,,,,-66,-66,-66,-57,-57,-57,-57,,-75,-66,-89,,,,,,,,,,,,,,,,,,,,,,,,,,,,,,,-76,-75,-76,,,,,,,,,,,,,,,,,,,,-77,,,,,,,,,,,,,,,,,,,,,,-81,,,,,,,,,,,,,,,,,,,,
2026-07-07 17:35:38.908,-86,-85,-85,,,,,,,,-69,,,,,,,-89,-91,-90,-90,,,,,,,,,,,,,,-84,,,,,,,,,,,,,,,,,,,,,,,,,,,,,,,,,,,,,,-82,-80,-81,-82,,,,,,,,,,,,,,,,,,,,,,,,,,,,,,,,,
2026-07-07 17:35:39.241,,,,,,,-59,-58,-59,-59,,,,-90,-77,-52,-72,,,,,,,,,,,,,,,,,,,,,,,-72,,,,,,,,-68,,,,,,,,,,,,,,,,,,,,,,,,,,,,,,,,,,,,,,,,,,,,,,,,,,,,,,,,,,,,,
2026-07-07 17:35:39.575,-89,-88,-88,,,,,,,,,-75,,,,-58,,,,,,-90,-91,,-90,,,,,,,,,,-88,,,-89,-89,,,,,,-75,-75,-76,,,,,,,,,,,,,,,-78,,,,,-75,-78,,,-79,,,,,,,,,,,,,,,,,,,,,,,,,,,,,,,,,,,,,,
2026-07-07 17:35:39.908,,,,,,,,,,,-74,,,,,,,,,,,,,,,,,,,,,,,-90,,,,,,,,,,,,,,,,,,,,,,,,,,,,,,,,,,,,,,,-78,-79,-79,-79,,,,,,,,,,,,,,,,,,,,,,,,,,,,,,,,,
2026-07-07 17:35:40.241,,,,-65,-65,-65,-60,-60,-60,-60,,-74,-65,-91,,,,,,,,,,,,,,,,,,,,,,,,,,,,,,,-74,-74,-74,,,,,,,,,,,,,,,-75,,,,,-76,-75,,,-75,,,,,,,,,,,,,,,,,,-88,,,,,,,,,,,,,,,,,,,,
2026-07-07 17:35:40.575,-87,-88,-87,,,,,,,,,,,,,,-78,,,,,,,,,,,,,,,,,,-88,,,,,,,,,,,,,-65,,,,,,,,,,,,,,,,,,,,,,,,,-78,-78,-78,-78,,,,,,,,,,,,,,,,,,,,,,,,,,,,,,,,,
2026-07-07 17:35:40.908,,,-87,,,,-57,-57,-57,-57,,,,,-74,-64,-81,,,,,,,,,,,,,,,,,,,,,,,-71,,,,,,,,,,,,,,,,,,,,,,,,,,,,,,,,,,,,,,,,,,,,,,,,,,,,,,,-91,-92,-91,-91,-92,,,,,,,,,,
2026-07-07 17:35:41.242,,,,,,,,,,,,-73,,,,-63,,,,,,,,,,,,,-90,,,,,,,,-75,-86,-71,,,,,,-73,-73,-73,,,,,,,,,,,,,,,-75,,,,,,-75,,,-74,,,,,,,,,,,,,,,,,,,,-87,-86,-87,,,,,,,,,,,,,,,,
2026-07-07 17:35:41.575,,,,,,,,,,,-75,,,,,,,,,,,,,,,,,,,,,,,-87,,,,,,,,,,-72,,,,,,,,,,,,,,,,,,,,,,,,,,,,,-74,-74,-74,-76,,,,,,,,,,,,,,,-88,,-87,-88,,,,,,-88,-88,-89,,,,,,,
2026-07-07 17:35:41.908,,,,-72,-72,-72,-56,-56,-56,-56,,-72,-72,,,,,,,,,,,,,,,,,,,,,,,,,,-82,,-83,-82,,,,-73,-72,,,,,,,,,,,,,,,,,,,,-80,,,,,,,,,,,,,,,,,,,,,,-90,,,,,,,,,,,,,,,,,,,,
2026-07-07 17:35:42.242,,,,,,,,,,,-78,,,,,,-80,,,,,,,,,,,,,,,,,,,,,,,,,,,,,,,-63,,,,,,,,,,,,,,,,,,,,,,,,,-69,-71,-71,,,,,,,,,,,,-89,,,,,,,,-90,-90,-91,-89,-89,,,,,,,,,,
2026-07-07 17:35:42.575,,-89,-89,,,,-51,-51,-51,-51,,,,-86,-71,-66,-78,,,,,-92,,,,,,,,,,,,,-87,,,,,-68,,,,,,,,,,,,,,,,,,,,,,,,,,,,,,,,,,,,,,,,,,,,,,,,,-87,,,,,,,,,-87,-88,-87,-87,-88,-95,-90,-87,,,,
2026-07-07 17:35:42.909,,,,,,,,,,,,-70,,,,-67,,,,,,,,,,,,,,,,,,,,,-72,-83,-83,,-83,-83,,,-70,-70,-68,,,,,,,,,,,,,,,-72,,,,,-75,-72,,,-72,,,,,,,,,,,,,,,,,,,,,,,,,,,,,,,,,,,,,,
2026-07-07 17:35:43.242,,,,,,,,,,,-78,,,,,,,,,,,,,,,,,,,,,,,,,,,,,,,,,,,,,,,,,,,,,,,,,,,,,,,,,,,,,,-75,-75,-75,-76,,,,,,,,,,,,,,,,,,,,,,,,-85,-84,-84,,,-84,-89,,,
2026-07-07 17:35:43.575,,,,-70,-69,-70,-55,-55,-55,-55,,-73,-69,-92,,,,,,,,,,,,,,,,,,,,,,,,-84,,,,-84,,,,,,,,,,,,,,,,,,,,,,,,,-76,,,,,,,,,,,,,,,,,,,,,,,,,,,,,,,,,,,,,,,,,,
2026-07-07 17:35:43.909,-84,-84,-84,,,,,,,,-77,,,,,,-77,,,,,-87,,,,,,,,,,,,,,,,,,,,,,,,,,-62,,,,,,,,,,,,,,,,,,,,,,,,,-69,-70,-70,-70,,,,,,,,,,,-86,,,,,,,,,,,-86,-87,,,,,-88,,,-86,,
2026-07-07 17:35:44.242,-83,-84,-84,,,,-59,-59,-59,-59,,,,-88,-63,-67,,,,,,-89,,,,,,,,,,,,,,,,,,-62,,,,,,,,,,,,,,,,,,,,,,,,,,,,,,,,,,,,,,,,,,,,,,,,,,,,,,,,,,,-86,-86,,,,,,-88,-86,,
2026-07-07 17:35:44.576,,,,,,,,,,,,,,,-67,-67,,,,,,,,,,,,,-87,,,,,-92,,,-75,-84,-84,-65,-84,-84,,,-68,-68,,-61,,,,,,,,,,,,,,-74,,,,,-77,-75,,,-74,,,,,,,,,,,,,,,,,,,,,,,,,,,,,,,,,,,,,,
2026-07-07 17:35:44.909,-82,-81,-83,,,,,,,,-75,,,,,,,,,,,-86,,,,,,,,,,,,,,,,,,,,,,,,,,,,,,,,,,,,,,,,,,,,,,,,,,,-71,-71,-72,-71,,,,,,,,,,,,,,,,,,,,,,,,-87,-86,-87,,,-86,,,,
2026-07-07 17:35:45.243,,,,-73,-73,-73,-61,-62,-61,-61,,-71,-73,,,,,,,,,,,,,,,,,,,,,,,,-75,-83,-83,,-83,-83,,,-71,-72,-71,,,,,,,,,,,,,,,-74,,,,,-80,-74,,,-75,,,,,,,,,,,,,,,,,,,,,,,,,-92,-94,,,,,,,,,,,-95,
2026-07-07 17:35:45.576,,,,-69,-69,-69,,,,,-75,,-69,,,,-85,,,,,,,,,,,,,,,,,,,,,,,,,,,,,,,-59,,,,,,,,,,,,,,,,,,,,,,,,,-71,-70,-70,-71,,,,,,,,,,,-85,,-88,,,,,,,,,-84,-84,,,,,,,,-84,,
2026-07-07 17:35:45.909,-86,,-87,,,,-57,-57,-57,-57,,,,-91,-64,-62,-79,,,,,-92,,,,,,,,,,,,,,,,,,-66,,,,,,,,,,,,,,,,,,,,,,,,,,,,,,,,,,,,,,,,,,,,,,,,,,,,,,,-90,-91,-89,,,-83,,-82,,-86,-84,,,,
2026-07-07 17:35:46.243,,,,,,,,,,,,,,,-70,-64,,,,,,,,,,,,,-87,,,,,-84,,,-82,-91,-91,-70,-92,-91,,,,,,-67,,,,,,,,,,,,,,-82,,,,,,-82,,,-81,,,,,,,,,,,,,,,,,,,,,,,,,,,,,,,,,,,,,,
2026-07-07 17:35:46.576,,-87,-88,,,,,,,,-76,,,,,,,,,,,,,,,,,,,,,,,,-88,,,,,,,,,,,,,,,,,,,,,,,,,,,,,,,,,,,,,,-73,-74,-74,-74,,,,,,,,,,,,,,,,-91,-90,-89,,,,,,,-89,-87,,,-87,,,,
2026-07-07 17:35:46.910,,,,-69,-69,-69,,,,,,-75,-69,,,,,,,,,,,,,,,,,,,,,,,,-82,-93,-93,,-93,-93,,,-75,-76,-76,,,,,,,,,,,,,,,-83,,,,,-77,-82,,,-82,,,,,,,,,,,,,,,,,,-87,,,,,,,,,,,,,,,,,,,,
2026-07-07 17:35:47.243,,,,-66,-67,-67,-59,-59,-59,-59,-73,,-67,,,,-84,,,,,,,,,,,,,,,,,,,,,,,,,,,,,,,-67,,,,,,,,,,,,,,,,,,,,,,,,,-77,-77,-77,-77,,,,,,,,,,,-87,,,,,,,,,,,,,,,,,,,,,,
2026-07-07 17:35:47.576,,,,,,,,,,,,,,,-76,,-84,,,,,,,,,,,,,,,,,,,,,,,-72,,,,,,,,-65,,,,,,,,,,,,,,,,,,,,,,,,,,,,,,,,,,,,,,,-88,,,,,,,,-88,-90,-90,-90,-89,-87,-87,-86,,,-87,,,,
2026-07-07 17:35:47.910,,,,,,,,,,,,,,,-75,-63,,,,,,,,,,,,,-82,,,,,-85,,,-80,,,-74,,,,,,,,,,,,,,,,,,,,,,-79,,,,,,-80,,,-79,,,,,,-92,,,,,,,,,,,,,,,,,,,,,,,,,,,,,,,,
2026-07-07 17:35:48.243,,,,,,,,,,,-76,,,,,,,,,,,,,,,,,,,,,,,,,,,,,,,,,,,,,,,,,,,,,,,,,,,,,,,,,,,,,,-73,-73,-73,-73,,,,,,,,,,,,,,,,,,,,,,,,,,,,,,,,,
2026-07-07 17:35:48.577,,,,-68,-68,-68,,,,,,-75,,,,,,,,,,,,,,,,,-83,,,,,-81,,,-84,-87,-87,,-87,-87,,,-75,-75,-75,,,,,,,,,,,,,,,-84,,,,,-78,-84,,,-84,,,,,,,,,,,,,,,,,,,,-90,-89,-91,-88,,,,,,,,,,,,,,,
2026-07-07 17:35:48.910,,,,-71,-71,-71,-61,-61,-61,-60,-76,-76,-72,,,,-81,,,,,,,,,,,,,,,,,,,,,,,,,,,,-77,-77,-76,,,,,,,,,,,,,,,,,,,,,,,,,,-75,-76,-76,-77,,,,,,,,,,,,,,,,,,,,,,,-88,,,,,,,,-88,,
2026-07-07 17:35:49.243,-88,-88,-86,,,,,,,,,,,,,,,,,,,,,,,,,,,,,,,,-85,,,,,,,,,,,,,-68,,,,,,,,,,,,,,,,,,,,,,,,,-72,-71,-71,-71,,,,,,,,,,,-87,,,,,,-86,-86,,,,,,-91,,,,-89,,-88,,,
2026-07-07 17:35:49.577,,,,,,,,,,,,,,,-73,-63,,,,,,,,,,,,,-80,,,,,-86,,,-83,,,-71,-93,-92,,,,,,,,,,,,,,,,,,,,,,,,,,,,,-83,,,,,,,,,,,,,,,,,,,,,,,,,,,,,,,,,,,,,,
2026-07-07 17:35:49.910,-88,-88,,,,,,,,,-73,,,,,,,,,,,,,,,,,,,,,,,,,,,,,,,,,-68,,,,,,,,,,,,,,,,,,,,,,,,,,,,,-78,-78,-78,-78,,,,,,,,,,,,,,,,-84,-85,-84,,,,,,,,,,-88,,,,,
2026-07-07 17:35:50.244,,,,-63,-62,-62,-59,-59,-59,-59,-72,-82,-62,,,,,,,,,,,,,,,,,,,,,,,,-83,,,,-93,,,,-82,-83,-82,,,,,,,,,,,,,,,,,,,,-86,-81,,,-81,,-75,-77,-76,-76,,,,,,,,,,,,,,,,,,,,,,,,,,,,,,,,,
2026-07-07 17:35:50.577,,,,-56,-56,-56,-68,-68,-68,-68,,,-56,,-79,-57,-85,,,,,,,,,,,,,,,,,,,,,,,-73,,,,,,,,-72,,,,,,,,,,,,,,,,,,,,,,,,,,,,,-92,,,,,,,,,,,,-83,,,,,,,,,,,,,,,,,,,,
2026-07-07 17:35:50.910,,,,,,,,,,,,,,,,,-77,-91,-92,-90,-89,,,,,,,,,,,,,,,,,,,,,,,,,,,-70,,,,,,,,,,,,,,,,,,,,,,,,,,,,,,,,,,,,,,,,,,,,,,,,,,,,,,,,,,,,,
2026-07-07 17:35:51.244,,,,,,,,,,,,,,,-83,-56,,,,,,,,,,,,,-77,,,,,-85,,,-87,-91,-92,-74,-92,,,,,,,,,,,,,,,,,,,,,,,,,,,,,,,,,,,,,,,,,,,,,,,,,,,,,,,,,,,,,,,,,,,,
2026-07-07 17:35:51.577,-86,-86,-88,,,,,,,,-70,-77,,,,,,,,,,,,,,,,,,,,,,,-88,,,-92,-91,,,-90,,,-80,-80,,,,,,,,,,,,,,,,,,,,,-84,,,,,,-78,-78,-78,-78,,,,,,,,,,,,,,,,,,,,,,,,,,,,,,,,,
2026-07-07 17:35:51.911,,,,-56,-56,-55,-60,-60,-60,-60,-66,,-55,,,,,,,,,,,,,,,,,,,,,,,,,,,,,,,,,,,,,,,,,,,,,,,,,,,,,,,,,,,,-78,-77,-79,-78,,,,,,,,,,,,,-82,,,,,,,,,,,,,,,,,,,,
2026-07-07 17:35:52.244,-85,-84,-85,,,,-62,-62,-62,-62,,,,,-79,-57,-78,,,,,,,,,,,,-82,,,,,-84,,,,,,-80,,,,,,,,-76,,,,,,,,,,,,,,,,,,,,,,,,,,,,,-93,,,,,,,,,,,,,,,,,,,,,,,,,,,,,,,,
2026-07-07 17:35:52.577,-85,-85,-86,,,,,,,,,,,,,,-74,-88,-91,-89,-90,-93,,,-91,,,,,,,,,,,,,,,,,,,,,,,,,,,,,,,,,,,,,,,,,,,,,,,,,,,,,,,,,,,,,,,,,,,,,,,,,,,,,,,,,,,,
2026-07-07 17:35:52.911,,,,,,,,,,,,-80,,,,-52,,,,,,,,,,-93,-94,,-78,,,,,-82,,-94,-81,-90,-92,,-91,-89,,,-82,-81,-80,,,,,,,,,,,,,,,-82,,,,,-91,-82,,,-82,,,,,,,,,,,,,,,,,,,,,,,,,,,,,,,,,,,,,,
2026-07-07 17:35:53.244,-87,-87,-87,-56,-56,-56,,-68,-68,-68,-65,-82,-55,,,,,,,,,,,,,,,,,,,,,,-87,,,-94,-93,,-93,-92,,,-83,-81,-83,,,,,,,,,,,,,,,,,,,,,,,,,,-79,-79,-80,-80,,,,,,,,,,,,,-80,,,,,,,,,,,,,,,,,,,,
2026-07-07 17:35:53.578,,,,,,,,,,,-67,,,,,,-80,-90,-90,-90,-90,,,,,,,,,,,,,,,,,,,,,,,,,,,,,,,,,,,,,,,,,,,,,,,,,,,,-79,-80,-79,-79,,,,,,,,,,,,,,,,,,,,,,,,,,,,,,,,,
2026-07-07 17:35:53.911,,,,,,,-66,-66,-65,-66,,,,,-80,-57,,,,,,,,,,,,,,,,,,,,,,,,-79,,,,,,,,-75,,,,,,,,,,,,,,,,,,,,,,,,,,,,,-88,,,,,,,,,,,,,,,,,,,,,,,,,,,,,,,,
2026-07-07 17:35:54.245,-86,-87,-87,,,,,,,,,,,,,,-78,-90,-89,,,-88,-89,-90,-90,,,,,,,,,,-86,,,,,,,,,,,,,-74,,,,,,,,,,,,,,,,,,,,,,,,,,,,,,,,,,,,,,,,,,,,,,,,,,,,,,,,,,,,,
2026-07-07 17:35:54.578,-86,-86,-87,,,,,,,,,-79,,,-81,-59,,,,,,,-88,-88,,,,,-77,,,,,-82,-86,,-81,-91,-89,-81,-92,-91,,,-79,-79,-80,,,,,,,,,,,,,,,-81,,,,,,-81,,,,,,,,,,,,,,,,,,,,,,,,,,,,,,,,,,,,,,,,,
2026-07-07 17:35:54.911,,,,-58,-58,-58,-67,-67,-67,-68,-63,-78,-58,,,,,,,,,,,,,,,,,,,,,,,,,,,,,,,,-78,-78,-78,,,,,,,,,,,,,,,,,,,,,,,,,,-78,-80,-80,-80,,,,,,,,,,,,,-69,,,,,,,,,,,,,,,,,,,,
2026-07-07 17:35:55.245,,,,,,,,,,,-67,,,,,,-79,-90,,,,-88,-88,-88,-87,,,,,,,,,,,,,,,,,,,,,,,,,,,,,,,,,,,,,,,,,,,,,,,,-77,-79,-79,-79,,,,,,,,,,,,,,,,,,,,,,,,,,,,,,,,,
2026-07-07 17:35:55.578,,,,,,,-70,-70,-70,-70,,,,,-84,-63,,,,,,,,,,-93,-92,-93,,,,,,,,-93,,,,,,,,,,,,-77,,,,,,,,,,,,,,,,,,,,,,,,,,,,,-89,,,,,,,,,,,,,,,,,,,,,,,,,,,,,,,,
2026-07-07 17:35:55.912,-82,-81,-82,,,,,,,,,,,,,-62,-74,,-89,-88,-90,,,,,,,,,,,,,,-81,,,,,,,,,,,,,,,,,,,,,,,,,,,,,,,,,,,,,,,,,,,,,,,,,,,,,,,,,,,,,,,,,,,,,,,,,,
2026-07-07 17:35:56.245,-81,-78,-81,,,,,,,,,-84,,,,,,,,,,,,,,,,,-71,,,,,-80,-78,,,,,,,,,,-84,-83,-84,,,,,,,,,,,,,,,,,,,,-90,,,,,,,,,,,,,,,,,,,,,,,,,,,,,,,,,,,,,,,,,,
2026-07-07 17:35:56.578,,,,-50,-50,-50,-68,-68,-68,-68,-61,-84,-50,,,,,,,,,,,,,,,,,,,,,,,,,-93,-93,,-94,-93,,,-83,-83,-83,,,,,,,,,,,,,,,-85,,,,,-90,-85,,,-86,,-83,-83,-82,-82,,,,,,,,,,,,,,,,,,,,,,,,,,,,,,,,,
2026-07-07 17:35:56.912,,,,,,,,,,,-59,,,,,,-75,,,,,-87,,-88,-86,,,,,,,,,,,,,,,,,,,,,,,,,,,,,,,,,,,,,,,,,,,,,,,,-81,-81,-81,-82,,,,,,,,,,,,,,,,,,,,,,,,,,,,,,,,,
2026-07-07 17:35:57.245,,,,,-50,-50,-70,-69,-70,-70,,,,,-84,-64,,,,,,,,,,,,,,,,,,,,,,,,-83,,,,,,,,-81,,,,,,,,,,,,,,,,,,,,,,,,,,,,,-90,,,,,,,,,,,,-71,,,,,,,,,,,,,,,,,,,,
2026-07-07 17:35:57.579,-88,-86,-88,,,,,,,,,,,,,-57,-74,,,,,,-88,-89,-90,-94,,,-70,,,,,,-88,,-89,-92,-93,,-92,,,,,,,,,,,,,,,,,,,,,-89,,,,,,-90,,,-89,,,,,,,,,,,,,,,,,,,,,,,,,,,,,,,,,,,,,,
2026-07-07 17:35:57.912,-87,,,,,,,,,,-60,-87,,,,,,,,,,,,,,,,,,,,,,-75,,,,,,,,,,,-88,-88,-87,,,,,,,,,,,,,,,,,,,,-95,,,,,,-88,-85,-86,-86,,,,,,,,,,,,,,,,,,,,,,,,,,,,,,,,,
2026-07-07 17:35:58.245,,,,-39,-39,-39,-72,-72,-72,-71,,-88,-39,,,,,,,,,,,,,,,,,,,,,,,,,-94,,,-94,-94,,,-89,-87,-87,,,,,,,,,,,,,,,,,,,,-94,,,,,,,,,,,,,,,,,,,,,,-73,,,,,,,,,,,,,,,,,,,,
2026-07-07 17:35:58.579,,,,,,,,,,,-59,,,,,,-73,,,,,-85,-86,-86,-86,,,,,,,,,,,,,,,,,,,,,,,,,,,,,,,,,,,,,,,,,,,,,,,,-82,-69,-71,-83,,,,,,,,,,,,,,,,,,,,,,,,,,,,,,,,,
2026-07-07 17:35:58.912,,,,,,,-70,-70,-69,-70,,,,,,,,,,,,,,,,,,,,,,,,,,,,,,-82,,,,,,,,-76,,,,,,,,,,,,,,,,,,,,,,,,,,,,,-84,,,,,,,,,,,,,,,,,,,,,,,,,,,,,,,,
2026-07-07 17:35:59.246,-81,-81,-81,,,,,,,,,-81,,,,-64,-72,-90,,,-90,,-90,-90,,-95,,-94,-64,,,,,,-80,-95,-85,-94,-93,,,,,,-81,-81,-82,,,,,-95,,,,,,,,,-95,,,,,,,-85,,,-85,,,,,,,,,,,,,,,,,,,,,,,,,,,,,,,,,,,,,,
2026-07-07 17:35:59.579,-81,,-82,,,,,,,,-54,,,,,,,,,,,,,,,,,,,,,,,-75,-81,,,,,,,,,,,,,,,,,,,,,,,,,,,,,,,,,,,,,,-81,-83,-83,-82,,,,,,,,,,,,,,-88,,,,,,,,,,,,,,,,,,,
2026-07-07 17:35:59.912,,,,-50,-51,-50,-70,,-71,-71,,-85,-51,,,,,,,,,,,,,,,,,,,,,,,,,,,,,-93,,,-83,,-84,,,,,,,,,,,,,,,,,,,,-93,,,,,,,,,,,,,,,,,,,,,,-76,,,,,,,,,,,,,,,,,,,,
2026-07-07 17:36:00.246,,,,,,,-69,-69,-69,-69,,,,,,,-72,,-87,-88,-88,-87,-86,-87,-86,,,,,,,,,,,,,,,,,,,,,,,-78,,,,,,,,,,,,,,,,,,,,,,,,,-83,-82,-83,-83,,,,,,,,,,,,,,-86,,,,,,,,,,,,,,,,,,,
2026-07-07 17:36:00.579,,,,,,,,,,,,,,,-87,-70,-65,,,,,-83,-83,,-84,-93,-93,-92,-68,,,,,-70,,-94,,,,-80,,,,,,,,,,,,,,,,,,,,,,,,,,,,,,,,,,,,,-85,,,,,,,,,,,,,,,,,,,,,,,,,,,,,,,,
2026-07-07 17:36:00.913,-77,-78,-77,,,,,,,,,-88,,,,-68,,,,,,,,,,,,,-62,,,,,,,,,,,,,,,,-88,,,,,,-90,-91,,,,,,,,,-90,-89,,,,,,-87,-91,,-88,,,,,,,,,,,,,,,,,,,,,,,,,,,,,,,,,,,,,,
2026-07-07 17:36:01.246,-78,-79,-79,,,,,,,,-52,,,,,,,,,,,,,,,,,,,,,,,-72,-76,,,,,,,,,,,,,,,,,,,,,,,,,,,,,,,,,,,,,,,,-86,-88,,,,,,,,,,-88,,,,-89,,,,,,,,,,,,,,,,,,,
2026-07-07 17:36:01.579,,,,-60,-60,-60,-69,-69,-69,-69,,-92,-60,,,,,,,,,,,,,,,,,,,,,,,,,,,,,,,,-92,-93,-92,,,,-91,-89,,,,,,,,,-91,,,,,,-94,,-91,,,,,,,,,,,,,,,,,,,,-79,,,,,,,,,,,,,,,,,,,,
2026-07-07 17:36:01.913,,,,,,,-71,-71,-71,-71,-46,,,,-84,-70,-68,-88,,,-88,-87,-87,,-87,,,,,,,,,,,,,,,,,,,,,,,-79,,,,,,,,,,,,,,,,,,,,,,,,,-84,-85,-83,,,,,,,,,-86,-85,-85,,,,-85,,,,,,,,,,,,,,,,,,,
2026-07-07 17:36:02.246,-75,-75,-75,,,,,,,,,,,,,,-68,,,-89,-87,-84,-84,-85,-84,-94,-93,-93,,,,,,,-74,,,,,,,,,,,,,,,,,,,,,,,,,,,,,,,,,,,,,,,,,,-77,,,,,,,,,,,,,,,,,,,,,,,,,,,,,,,,
2026-07-07 17:36:02.580,,,,,,,,,,,,-90,,,-86,-69,,,,,,,,,,-91,-91,-91,-62,,,,,,,-92,-88,,,-87,,,,,-90,-91,,-80,,,,,,,,,,,,,,-89,,,,,-94,,-93,,-90,,,,,,,,,,,,,,,,,,,,,,,,,,,,,,,,,,,,,,
2026-07-07 17:36:02.913,-79,-78,-79,,,,,,,,-38,,,,,,,,,,,,,-86,-86,,,,,,,,,-64,-79,,,,,,,,,,,,,,,,,,,,,,,,,,,,,,,,,,,,,-89,-88,-86,-88,,,,,,,,,,-91,,,,,,,,,,,,,,,,,,,,,,,,
2026-07-07 17:36:03.246,,,,-62,-62,-63,,-68,-68,-68,,-92,-62,,,,,,,,,,,,,,,,,,,,,,,,,-91,-88,,,-92,,,-93,-93,-93,,,,,,,,,,,,,,-90,,,,,,-94,-87,,,-87,,,,,,,,,,,,,,,,,,,,,,,,,,,,,,,,,,,,,,
2026-07-07 17:36:03.580,,,,-68,,-68,-69,-69,-69,-69,-42,,-68,,-86,-72,-63,,-88,,,,,,,,,,,,,,,,,,,,,-84,,,,,,,,-84,,,,,,,,,,,,,,,,,,,,,,,,,-87,,-88,-87,,,,,,,,,-90,-90,,,,-90,,,,,,,,,,,,,,,,,,,
2026-07-07 17:36:03.913,,,,,,,,,,,,,,,,,-63,-91,,,,-87,,,-88,,,,,,,,,,,,,,,,,,,,,,,,,,,,,,,,,,,,,,,,,,,,,,,-88,,,,,-73,,,,,,,,,,,,,,,,,,,,,,,,,,,,,,,,
2026-07-07 17:36:04.247,,,,,,,,,,,,,,,-84,-73,,,,,,,,,,-91,-92,-92,-62,,,,,-65,,-91,-87,-93,-95,,-93,-93,,,,,,-81,,,,,,,,,,,,,,-88,,,,,,-88,,,-88,,,,,,-73,,,,,,,,,,,,,,,,,,,,,,,,,,,,,,,,
2026-07-07 17:36:04.580,-73,-72,-72,,,,,,,,-49,,,,,,,-87,-90,-88,-88,-86,-88,-88,-87,,,,,,,,,,-73,,,,,,,,,,,,,,,,,,,,,,,,,,,,,,,,,,,,,-87,,,-87,-89,,,,,,,,,,,,,,,,,,,,,,,,,,,,,,,,,
2026-07-07 17:36:04.914,,,,-63,-64,,-69,-69,,,,-90,-64,,,,,,,,,,,,,,,,,,,,,,,,-87,-92,-92,,-93,,,,-91,-91,-93,,,,-88,-87,,,,,,,,,-88,-87,,,,,,-85,-88,,-87,,,,,,,,,,,,,,,,,,,,,,,,,,,,,,,,,,,,,,
2026-07-07 17:36:05.247,-71,-71,-72,,,,,,-70,-70,-54,,,,-88,-76,-66,-89,,,-89,-84,-85,-87,-87,,,,,,,,,,-71,,,,,-84,,,,,,,,-82,,,,,,,,,,,,,,,,,,,,,,,,,,,,,-64,,,,,,,,,,,,-92,,,,,,,,,,,,,,,,,,,,
2026-07-07 17:36:05.580,-70,,-70,,,,,,,,,,,,,,-64,,,,-90,,,,,,,,,,,,,,-71,,,,,,,,,,,,,,,,,,,,,,,,,,,,,,,,,,,,,-84,,,,,,,,,,,,,,,,,,,,,,,,,,,,,,,,,,,,,
2026-07-07 17:36:05.914,,,,,,,,,,,,,,,,-74,,,,,,,,,,,,-92,-57,,,,,-51,,,-87,-92,-93,,,-93,,,,,,-80,,,-84,-82,,,,,,,,,,-87,,,,,,-87,,,-86,,,,,,-64,,,,,,,,,,,,,,,,,,,,,,,,,,,,,,,,
2026-07-07 17:36:06.247,-68,-68,-69,,,,,,,,-60,,,,,,,,-88,-88,,-82,,,-83,,,,,,,,,,-69,,,,,,,,,-79,,,,,,,,,,,,,,,,,,,,,,,,,,,,-80,-81,-83,-84,-83,,,,,,,,,,,,,,,,,,,,,,,,,,,,,,,,,
2026-07-07 17:36:06.580,,,,,,,-69,-69,-69,-69,,,-72,,,,,,,,,,,,,,,,,,,,,,,,,,,,,,,,-93,-91,,,,,-81,-82,,,,,,,,,,-87,,,,,,,,,,,,,,,,,,,,,,,,,,,-87,,,,,,,,,,,,,,,,,,,,
2026-07-07 17:36:06.914,,,,,,,-67,-67,-67,-67,-61,,,,,-77,-64,,,,,-85,-84,-84,-84,-90,-90,-89,,,,,,,,-90,,,,-87,,,,,,,,-80,,,,,,,,,,,,,,,,,,,,,,,,-78,,-83,-83,-84,-58,,,,,,,,,,,,,,,,,,,,,,,,,,,,,,,,
2026-07-07 17:36:07.247,-67,-67,-68,,,,,,,,,,,,,,-60,-88,-88,-88,-88,-84,-85,,,,,,,,,,,-50,-67,,,,,,,,,,,,,,,,,,,,,,,,,,,,,,,,,,,,,-79,,,,,,,,,,,,,,,,,,,,,,,,,,,,,,,,,,,,,
2026-07-07 17:36:07.581,,,,,,,,,,,,,,,,-76,,,,,,,,,,-89,-90,-90,-54,,,,,-50,,-90,,-93,-93,,-94,-94,,,,-91,,,,,-76,-77,,,,,,,,,-78,-87,,,,,,,-77,,,,,,,,,,,,,,,,,,,,,,,,,,,,,,,,,,,,,,,,
2026-07-07 17:36:07.914,-67,-66,-67,,,,,,,,-61,,,,,,,,,,,,,,,,,,,,,,,,-66,,,,,,,,,,,,,,,,,,,,,,,,,,,,,,,,,,,,,-81,-87,-87,-87,-87,,,,,,,,,,,,,,,,,,,,,,,,,,,,,,,,,
2026-07-07 17:36:08.248,,,,-74,-74,-74,-69,-69,-69,-69,,,,,,,,,,,,,,,,,,,,,,,,,,,,,,,,,,,-93,-93,,,,,-79,-79,,,,,,,,,-80,,,,,,,,,,,,,,,,,,,,,,,,,,,,,,,,,,,,,,,,,,,,,,,,
2026-07-07 17:36:08.581,,,,,,,,-70,-70,-70,-63,,,,,-76,-55,,,,,-81,,-81,-82,,-90,,,,,,,,,-90,,,,-88,,,,,,,,-82,,,,,,,,,,,,,,,,,,,,,,,,,-88,-88,,-90,-67,,,,,,,,,,,,,,,,,,,,,,,,,,,,,,,,
2026-07-07 17:36:08.914,-63,-63,-62,,,,,,,,,,,,,,-54,,-88,,,-78,-78,-79,-80,,,,,,,,,,-63,,,,,,,,,,,,,,,,,,,,,,,,,,,,,,,,,,,,,-79,,,,,,,,,,,,,,,,,,,,,,,,,,,,,,,,,,,,,
2026-07-07 17:36:09.248,,,,,,,,,,,,-95,,,-86,-83,,,,,,,,,,-90,-89,,-58,,,,,-57,,-90,-89,-92,,-87,,,,,-93,-94,-93,,,,-77,,,,,,,,,,-77,-88,,,,,,-89,,,-88,,,,,,,,,,,,,,,,,,,,,,,,,,,,,,,,,,,,,,
2026-07-07 17:36:09.581,-58,-58,-58,,,,,,,,-67,,,,,,,,,,,,,,,,,,,,,,,,-57,,,,,,,,,,,,,,,,,,,,,,,,,,,,,,,,,,,,,-79,,-86,,,,,,,,,,,,,,,,,,,,,,,,,,,,,,,,,,,
2026-07-07 17:36:09.914,,,,-78,-78,-78,-69,-69,-69,-68,-66,,-78,,,,,,,,,,,,,,,,,,,,,,,,,,,,,,,,-92,,,,,,,,,,,,,,,,-77,,,,,,,-91,,,,,,,,,,,,,,,,,,,,,,,,,,,,,,,,,,,,,,,,,
2026-07-07 17:36:10.248,,,,-76,,-75,,,-70,-72,,,-76,,-86,-85,-48,,,,,-77,-78,,,,,,,,,,,,,,,,,-86,,,,,,,,-83,,,,,,,,,,,,,,,,,,,,,,,,,,,-87,-87,-77,,,,,,,,,,,,,,,,,,,,,,,,,,,,,,,,
2026-07-07 17:36:10.581,-59,-59,-60,,,,,,,,,,,,,,-44,-87,-88,-88,,-80,-80,-80,-80,,,,,,,,,,-58,,,,,,,,,,,,,-84,,,,,,,,,,,,,,,,,,,,,,,,-74,,,,,,,,,,,,,,,,,,,,,,,,,,,,,,,,,,,,,
2026-07-07 17:36:10.915,,,,,,,,,,,,,,,-87,,,,,,,,,,,,-86,-86,-58,,,,,-70,,-86,-90,-90,,-87,,,,,,,,,,,-71,-71,,,,,,,,,-71,,,,,,,-90,-71,,-90,,,,,,-77,,,,,,,,,,,,,,,,,,,,,,,,,,,,,,,,
2026-07-07 17:36:11.248,-55,-56,-55,,,,,,,,-66,,,,,,,-87,-88,-87,-87,-77,-78,-78,-77,,,,,,,,,,-56,,-91,,,,,,,,-95,,,,,,-67,-67,,,,,,,,,-68,-91,,,,,-94,-91,-68,,-91,-72,-86,-85,,-85,,,,,,,,,,,,,,,,,,,,,,,,,,,,,,,,,
2026-07-07 17:36:11.582,-54,-54,-54,-79,-80,-80,-73,-73,,,-69,,-79,,,,-41,,,,,,,,,,,,,,,,,,-54,,,,,,,,,,,,,,,,,,,,,,,,,,,,,,,,,,,,,,-84,-85,-84,-84,,,,,,,,,,,,,,,,,,,,,,,,,,,,,,,,,
2026-07-07 17:36:11.915,,,,-76,-76,-76,-71,-71,-71,-71,,,-76,,,,,,,,,,,,,,,,,,,,,,,,,,,-86,,,,,,,,-81,,,,,,,,,,,,,,,,,,,,,,,,,,,,,-81,,-93,,,,,,,,,,,,,,,,,,,,,,,,,,,,,,
2026-07-07 17:36:12.248,,,,,,,,,,,,,,,,,-46,-86,-86,-85,-87,,-79,-79,-79,,,,,,,,,,,,,,,,,,,,,,,-82,,,,,,,,,,,,,,,,,,,,,,,,-71,,,,,,,,,,,,,,,,,,,,,,,,,,,,,,,,,,,,,
2026-07-07 17:36:12.582,,,,,,,,,,,,,,,,,,,,,,,,,,,-84,-85,-69,,,,,-69,,-84,,,,-87,,,,,,,,,,,,,,,,,,,,,,-92,,,,,,,,,,,,,,,-80,,,,,,,,,,,,,,,,,,,,,,,,,,,,,,,,
2026-07-07 17:36:12.915,-52,-52,-52,-81,-81,-81,,,,,-67,,-81,,,,,-86,-84,-84,-84,-78,-77,-78,-78,,-84,-85,-70,,,,,,-51,,-91,,,,,,,,,,,,,,-66,-66,,,,,,,,,-66,-90,,,,,,-90,-66,,-90,-72,-85,-88,,-86,,,,,,,,,,,,,,,,,,,,,,,,,,,,,,,,,
2026-07-07 17:36:13.249,-51,-51,-51,,,,,,,,-69,,,,,,-44,,,,,,,,,,,,,,,,,-71,-50,,,,,,,,,,,,,,,,,,,,,,,,,,,,,,,,,,,,,,-87,-87,-88,-88,,,,,,,,,,,,,,,,,,,,,,,,,,,,,,,,,
2026-07-07 17:36:13.582,,,,-76,-76,-75,-73,-72,-73,-73,,,-76,,-90,,,,,,,,,,,,,,,,,,,,,,,,,,,,,,,-94,-95,,,,,,,,,,,,,,,,,,,,,,,,,,,,,,-83,,,,,,,,,,,,,,,,,,,,,,,,,,,,,,,,
2026-07-07 17:36:13.915,,,,,,,,,,,,,,,,,-47,-86,,-86,-86,-78,-81,-79,-80,,,,,,,,,,,,,,,,,,,,,,,-82,,,,,,,,,,,,,,,,,,,,,,,,-75,,,-86,-87,,,,,,,,,,,,,,,,,,,,,,,,,,,,,,,,,
2026-07-07 17:36:14.249,,,,,,,,,,,,,,,-84,-87,-50,-81,-80,-81,-81,-75,-75,-75,,-82,-82,-82,-70,,,,,-66,,-82,,,,-86,,,,,,,,,,,,,,,,,,,,,,,,,,,,,,,,-75,,,,,-83,,,,,,,,,,,,,,,,,,,,,,,,,,,,,,,,
2026-07-07 17:36:14.582,-58,-59,-58,,,,,,,,-73,,,,,,,,,,,,,,,-80,-80,-80,-71,,,,,,-58,-79,-92,-94,-94,,-95,,,-83,-94,-94,-94,,,,,-74,,,,,,,,,,,,,,,,,-74,,,,-86,-86,-86,,,,,,,,,,,,,,,,,,,,,,,,,,,,,,,,,,
2026-07-07 17:36:14.916,-63,-62,-63,,,,,,,,,,,,,,,,,,,,,,,,,,,,,,,-77,-63,,,,,,,,,,,,,,,,,,,,,,,,,,,,,,,,,,,,,,-88,-87,-89,,,,,,,,,,,,,,,,,,,,,,,,,,,,,,,,,,
2026-07-07 17:36:15.249,,,,-79,-79,-80,,-73,-73,-73,,-94,-80,,,,,,,,,,,,,,,,,,,,,,,,,,,,,,,,-93,-94,-94,,,,,,,,,,,,,,,,,,,,,,,,,,,,,,,-93,-92,-93,-93,,,,,,,,,,,,,,,,,,,,,,,,,,,,
2026-07-07 17:36:15.582,,,,,,,,,,,-72,,,,,,-60,-85,,-84,-84,-74,-75,-74,-74,-81,-81,,,,,,,,,-80,,,,,,,,,,,,,,,,,,,,,,,,,,,,,,,,,,,,-80,-87,,-87,-86,,-92,,-93,,,,,,,,,,,,,,,,,,,,,,,,,,,,,
2026-07-07 17:36:15.916,-66,-66,-67,,,,,,,,,,,,,,-61,-82,-83,-83,-83,-74,-74,-74,-75,,,-80,-73,,,,,-78,-67,,,,,,,,,,,,,,,,,,,,,,,,,,,,,,,,,,,,,-81,,,,,-87,,,,,,,,,,,,,,,,,,,,,,,,,,,,,,,,
2026-07-07 17:36:16.249,,,,-79,-79,-79,,,,,-76,,-78,,,,,,,,,,,,,-79,-79,-78,-75,,,,,,,-78,-91,,-93,,,,,,,,-94,,,,-86,-85,,,,,,,,,-85,-91,,,,,,-91,-85,,-91,,-88,,-91,,,,,,,,,,,,,,,,,,,,,,,,,,,,,,,,,,
2026-07-07 17:36:16.583,-68,-68,-67,,,,,,,,-77,,,,,,,,,,,,,,,,,,,,,,,-76,-67,,,,,,,,,,,,,,,,,,,,,,,,,,,,,,,,,,,,,,-89,,,,,,,,,,,,,,,,,,,,,,,,,,,,,,,,,,,,
2026-07-07 17:36:16.916,,,,-81,-81,-81,-72,-72,-72,-73,-77,-95,-81,,,,,,,,,,,,,,,,,,,,,,,,,,,,,,,,,,-95,,,,,,,,,,,,,,,,,,,,,,,,,,,,,,-90,,-88,-91,-89,,,,,,,,,,,,,,,,,,,,,,,,,,,,
2026-07-07 17:36:17.249,,,,,,,-70,-70,,-68,,,,,-89,,-58,-85,-85,,,-74,-75,-74,-74,-79,-80,-80,-71,,,,,,,-79,,,,-89,,,,,,,,,,,,,,,,,,,,,,,,,,,,,,,,-80,,,,,,-92,-93,,,,,,,,,,,,,,,,,,,,,,,,,,,,,,
2026-07-07 17:36:17.583,-68,-68,-68,,,,,,,,-75,,,,,,-57,,,-78,-80,-72,-74,-74,-74,,,,,,,,,-74,-68,,,,,,,,,,,,,,,,,,,,,,,,,,,,,,,,,,,,,-83,,,,,-89,,,,,,,,,,,,,,,,,,,,,,,,,,,,,,,,
2026-07-07 17:36:17.916,,,,,,,,,,,,,,,,-85,,,,,,,,,,-80,-80,-80,-74,,,,,-82,,-80,-94,-94,-94,,,,,,,,,,,,-81,-81,,,,,,,,,-81,-92,,,,,,-92,,,,,,,,,,,,,,,,,,,,,,,,,,,,,,,,,,,,,,,,,
2026-07-07 17:36:18.250,-72,-73,-73,,,,,,,,-76,,,,,,,,,,,,,,,,,,,,,,,,-73,,,,,,,,,,,,,,,,,,,,,,,,,,,,,,,,,,,,,-81,,,,,,,,,,,,,,,,,,,,,,,,,,,,,,,,,,,,,
2026-07-07 17:36:18.583,,,,-84,,,-68,-68,-68,-68,,,-84,,,,,,,,,,,,,,,,,,,,,,,,,,,,,,,,,,,,,,,,,,,,,,,,,,,,,,,,,,,,,,,,-91,,,-94,,,,,,,,,,,,,,,,,,,,,,,,,,,,,
2026-07-07 17:36:18.916,,,,,,,,,,,,,,,-83,-89,-61,,,-84,-83,-72,-74,-74,-74,-77,-78,-77,-77,,,,,,,-78,,,,-90,,,,,,,,-84,,,,,,,,,,,,,,,,,,,,,,,,,,,,,-90,-92,-92,,,,,,,,,,,,,,,,,,,,,,,,,,,,,,
2026-07-07 17:36:19.250,-68,-69,-69,,,,,,,,-75,,,,,,-61,-84,-84,-84,-84,,-75,-75,-74,,,,,,,,,-83,-69,,,,,,,,,,,,,,,,,,,,,,,,,,,,,,,,,,,,,,,-89,-89,-88,,,,,,,,,,,,,,,,,,,,,,,,,,,,,,,,,
2026-07-07 17:36:19.583,,,,-85,-84,-85,,,,,,,,,,,,,,,,,,,,-74,-74,-74,-78,,,,,,,-74,-92,-93,-94,,,-94,,,,,,,,,-87,-87,,,,,,,,,-86,-94,,,,,,,-88,,-93,,,,,,,,,,,,,,,,,,,,,,,,,,,,,,,,,,,,,,
2026-07-07 17:36:19.917,-70,-70,-70,-86,-85,-85,-71,-71,-71,-70,-76,,-85,,,,-60,,,,,,,,,,,,,,,,,,-70,,,,,,,,,,,,-94,,,,,,,,,,,,,,,,,,,,,,,,,,-90,-90,,,,,,,,,,,,,,,,,,,,,,,,,,,,,,,,,,,
2026-07-07 17:36:20.250,,,,,,,,,,,,,,,,,-62,-80,-80,-80,-81,-68,-68,-68,-68,,,,,,,,,,,,,,,,,,,,,,,,,,,,,,,,,,,,,,,,,,,,,,,,,-85,-87,-87,-92,,,,,,,,,,,,,,,,,,,,,,,,,,,,,,,,
2026-07-07 17:36:20.583,,,,,,,,,,,,,,,-88,-88,,,,,,,,,,-67,-67,-67,,,,,,,,-66,,,,-88,,,,,,,,,,,,,,,,,,,,,,,,,,,,,,,,,,,,,-92,,,,,,,,,,,,,,,,,,,,,,,,,,,,,,,,
2026-07-07 17:36:20.917,-73,-74,-74,,,,,,,,-77,,,,,,-63,-80,-80,-81,-81,-65,-66,-65,-65,,,,,,,,,-82,-74,,,,,,,,,,,,,,,,,,,,,,,,,,,,,,,,,,,,,-87,,,,,,,,,,,,,,,,,,,,,,,,,,,,,,,,,,,,,
2026-07-07 17:36:21.250,,,,-81,-82,-82,,,,,,,,,,,,,,,,,,,,,-70,-69,-78,,,,,-82,,-69,-92,-94,-94,,,,,,-94,,,,,,-89,-89,,,,,,,,,-92,,,,,,,-90,-91,,-90,,,,,,,,,,,,,,,,,,,,,,,,,,,,,,,,,,,,,,
2026-07-07 17:36:21.584,-74,-75,-74,-81,-80,-80,-71,-71,-71,-71,-78,,-81,,-84,-91,-66,,,,,,,,,,,,,,,,,,-74,,,,,-88,,,,,,,,-82,,,,,,,,,,,,,,,,,,,,,,,,,-85,-86,-86,-85,,,,,,,,,,,,,,,,,,,,,,,,,,,,,,,,,
2026-07-07 17:36:21.917,,,,,,,,,,,,,,,,,-62,-76,-76,-76,-76,-64,-65,-65,-64,,,,,,,,,,,,,,,,,,,,,,,,,,,,,,,,,,,,,,,,,,,,,,,,,,,,,,,,,,,,,,,,,,,,,,,,,,,,,,,,,,,,
2026-07-07 17:36:22.250,,,,,,,,,,,,,,,-88,-93,,,,,,,,,,-72,-73,-72,-83,,,,,,,-73,-94,,,-88,,,,,,,,-85,,,,,,,,,,,,,,,,,,,,-92,,,,,,,,,,,,,,,,,,,,,,,,,,,,,,,,,,,,,,,,,
2026-07-07 17:36:22.584,-73,-73,-73,,,,,,,,-77,,,,,,,-78,-79,-79,,-62,-62,-62,-62,,,,,,,,,-86,-73,,,,,,,,,-88,,,,,,,,,,,,,,,,,,,,,,,,,,,,-91,,,,,,,,,,,,,,,,,,,,,,,,,,,,,,,,,,,,,
2026-07-07 17:36:22.917,-71,-71,-71,-80,-80,-80,,,,,,-94,-81,,,,,,,,,,,,,,,,,,,,,-85,-71,,-91,,-94,,,,,,-94,-93,-94,,,,,,,,,,,,,,-90,,,,,,,-90,,,-89,,,,,,,,,,,,,,,,,,,,,,,,,,,,,,,,,,,,,,
2026-07-07 17:36:23.251,,,,-84,-85,-84,-69,-69,-69,-69,-78,,-84,,-85,,-64,,,,,,,,,,,,,,,,,,,,,,,-89,,,,,,,,-84,,,,,,,,,,,,,,,,,,,,,,,,,-85,-86,-85,-86,,,,,,,,,,,,,,,,,,,,,,,,,,,,,,,,,
2026-07-07 17:36:23.584,,,,,,,,,,,,,,,,,-64,-77,-77,-77,-77,-66,-66,-66,-66,,,,,,,,,,,,,,,,,,,,,,,,,,,,,,,,,,,,,,,,,,,,,,,,,,,,,,,,,,,,,,,,,,,,,,,,,,,,,,,,,,,,
2026-07-07 17:36:23.917,,,,,,,,,,,,,,,-82,-90,,,,,,,,,,-69,-70,-70,-81,,,,,-84,,-70,-92,-94,-94,-89,-94,-93,,,,,,-86,,,,,,,,,,,,,-90,-90,,,,,,,-92,,-92,,,,,,,,,,,,,,,,,,,,,,,,,,,,,,,,,,,,,,
2026-07-07 17:36:24.251,-75,-75,-75,,,,,,,,-81,,,,,,,-78,-78,-78,-78,-67,-66,-67,-67,,,,,,,,,,-75,,,,,,,,,,,,,,,,,,,,,,,,,,,,,,,-89,,,,,,-93,-88,-87,-88,-89,,,,,,,,,,,,,,,,,,,,,,,,,,,,,,,,,
2026-07-07 17:36:24.584,-72,,,-86,-86,,-74,-75,-75,-75,-77,-93,-85,,,,,,,,,,,,,,,,,,,,,,-71,,,,-92,,-93,,,,,,,,,,,,,,,,,-88,-89,-88,,,,,,-89,,,,,,,,,,,,,,,,,,,,,,,,,,,,,,,,,,,,,,,,,,,
2026-07-07 17:36:24.918,,,,,,,-71,-70,-71,-71,,,,,-90,-92,-64,-75,-75,-75,-75,-67,-66,-66,-66,-69,-69,-68,,,,,,,,-69,,,,-90,,,,,,,,-87,,,,,,,-93,-93,-94,,,,,,,,,,,,,,,,,,,,,,,,,,,,,,,,,,,,,,,,,,,,,,,,,,,,
2026-07-07 17:36:25.251,,,,,,,,,,,,,,,,,-66,-76,-76,-76,-76,-66,-65,-65,-65,,,,,,,,,,,,,,,,,,,,,,,,,,,,,,,,,,,,,,,,,,,,,,,,,,,,,,,,,,,,,,,,,,,,,,,,,,,,,,,,,,,,
2026-07-07 17:36:25.584,,,,,,,,,,,,,,,,-94,,,,,,,,,,-71,-71,-70,-85,,-88,-88,-89,-90,,-71,,,,-90,,-93,,,,,,,,,-94,-93,,,,,,,,,,,,,,,,,-94,,,,,,,,,,,,,,,,,,,,,,,,,,,,,,,,,,,,,,,,
2026-07-07 17:36:25.918,-71,-70,-71,,,,,,,,-79,,,,,,,,,,,,-65,-65,-65,,,,,,,,,,-70,,,,,,,,,,,,,,,,,,,,,,,-88,-88,-88,,,,,-88,-88,,,,,,,,,,,,,,,,,,,,,,,,,,,,,,,,,,,,,,,,,,,
2026-07-07 17:36:26.251,-74,-74,-74,-85,-86,-86,,-67,-71,-70,-81,,-85,,,,-67,,,,,,,,,,,,,,-89,-88,-88,,-74,,,-93,-93,,-94,-93,,,,,,,,,,-93,,-90,-88,-88,-88,-82,-82,-83,,,,,,-83,,,-94,,,,-89,-89,-89,-91,,,,,,,,,,,,,,,,,,,,,,,,,,,,,,,,,
2026-07-07 17:36:26.585,,,,,,,-71,-70,-71,-71,,,,,-90,-93,,-73,-72,-72,-73,-58,-58,-58,-58,-68,-67,-68,,,,,,,,-68,,,,-88,,,,,,,,-86,,,,,,,,,,,,,,,,,,,,,,,,,,,,,,,,,,,,,,,,,,,,,,,,,,,,,,,,,,,,,
2026-07-07 17:36:26.918,,,,,,,,,,,,,,,,,-67,-74,-75,-74,-75,-66,-66,-67,-66,,,,,,,,,,,,,,,,,,,,,,,,,,,,-78,,,,,,,,,,,-78,-78,,,,,-77,,,,,,,,,,,,,,,,,,,,,,,,,,,,,,,,,,,,,,,
2026-07-07 17:36:27.251,,,,,,,,,,,,,,,,-92,,,,,,,,,,-66,-66,-66,-86,,,,,-89,,-66,,,-93,,-93,,,,,,,,,,-95,-94,,,,,,,,,,,-93,,,,,,,,,,,,,,,,,,,,,,,,,,,,,,,,,,,,,,,,,,,,,,
2026-07-07 17:36:27.585,-76,-76,-76,,,,,,,,-80,,,,,,,,,,,,,,,,,,,,,,,,-76,,,,,,,,,,,,,,,,,,,,,,,-78,-78,-77,,,,-83,-83,-77,,,,-83,,,-91,,,,,,,,,,,,,,,,,,,,,,,,,,,,,,,,,,,,
2026-07-07 17:36:27.918,-79,-78,-79,-69,-87,-86,-68,-69,-69,-69,-83,,-86,,,,-69,-70,-70,-70,-70,-60,-60,-60,-60,,,,,,-85,-85,-85,,-79,,,-93,-93,,-92,-93,,,,,,,,,,,,-86,,-85,-86,-78,-79,-78,,,-93,,,-78,,,,,,,-92,-90,-92,-91,,,,,,,,,,,,,,,,,,,,,,,,,,,,,,,,,
2026-07-07 17:36:28.252,,,,,,,-74,-74,,-74,,,,,-89,-93,,,,,,,,,,,,,,,,,,,,,,,,-89,,,,,,,,-84,,,,,,-84,,,,,,,,,,,,,,,,,,,,,,,,,,,,,,,,,,,,,,,,,,,,,,,,,,,,,,,
2026-07-07 17:36:28.585,,,,,,,,,,,,,,,,,-71,-70,-72,-71,-72,-64,-63,-63,-63,,,,,,,,,,,,,,,,,,,,,,,-83,,,,,,,,,,,,,,,,,,,,,,-83,,,,,,,,,,,,,,,,,,,,,,,,,,,,,,,,,,,,,,,
2026-07-07 17:36:28.918,,,,,,,,,,,,,,,-92,-94,,,,,,,,,,-72,-72,-72,-84,,-87,-86,-87,,,-72,,,,,,,,,,,,,,,,,,,,,,,,,,,,,,,,,,,,,,,,,,,,,,,,,,,,,,,,,,,,,,,,,,,,,,,,,
2026-07-07 17:36:29.252,-84,-83,-82,,,,,,,,,,,,,,,-66,-69,-69,-68,-59,-59,-60,-59,,,,,,,,,,-83,,,,,,,,,,,,,,,,,,-84,,,,,-83,-83,-83,,,,-83,-84,-83,,,,-84,,,,,,,,,,,,,,,,,,,,,,,,,,,,,,,,,,,,,,,
2026-07-07 17:36:29.585,-79,-79,-79,-89,-88,,,-73,-74,,-80,,-89,,,,,,,,,,,,,,,,,,-86,-85,-85,,-79,,,-93,-94,,,-93,,,,,,,,,,,,-93,-93,-93,-91,,,,,,,,,-89,,,,,,,-91,,,,,,,,,,,,,,,,,,,,,,,,,,,,,,,,,,,,
2026-07-07 17:36:29.919,,,,-88,,,,-68,-68,-68,,,-87,,-92,,,,,,,,,,,,,,,,,,,,,,,,,-88,,,,,,,,-86,,,,,,,,,,,,,,,,,,,,,,,,,,,,,,,,,,,,,,,,,,,,,,,,,,,,,,,,,,,,,
2026-07-07 17:36:30.252,,,,,,,,,,,,,,,,,-75,-67,-66,-67,-66,-61,-61,-61,-61,,,,,,,,,,,,,,,,,,,,,,,-85,,,,,,,,,,,,,,,,,,,,,,,,,,,,,,,,,,,,,,,,,,,,,,,,,,,,,,,,,,,,,
2026-07-07 17:36:30.585,,,,,,,,,,,,,,,-89,,,,,,,,,,,-80,-81,-81,-89,-83,-84,-83,-68,-89,,-79,,-94,,-89,,,,,,,,,,,,,,,,,,,,,,,,,,,,,,,,,,,,,,,,,,,,,,,,,,,,,,,,,,,,,,,,,,,,,
2026-07-07 17:36:30.919,-81,-81,-81,,,,,,,,-83,,,,,,,-64,-65,-65,-65,-68,-70,-69,-68,,,,,-77,-77,-77,-77,,-81,,,,-94,,-94,-94,,-87,,,,,,,,,,,,,,,,-88,,,,,,,,,,,,,-89,-90,-90,-88,,,,,,,,,,,,,,,,,,,,,,,,,,,,,,,,,
2026-07-07 17:36:31.252,-85,-84,-84,-87,-87,-89,,,,,-82,,-88,,,,,,,,,,,,,,,,,,,,,-90,-83,,,,,,,,,,,,,,,,,,,,,,,,,,,,,,,,,,,,,,,-90,,,,,,,,,,,,,,,,,,,,,,,,,,,,,,,,,,,
2026-07-07 17:36:31.586,,,,-88,-88,,-72,-73,-72,-72,,,-87,,,,,,,,,,,,,,,,,,,,,,,,,,,,,,,,,,,-86,,,,,,,,,,,,,,,,,,,,,,,,,,,,,,,,,,,,,,,,,,,,,,,,,,,,,,,,,,,,,
2026-07-07 17:36:31.919,,,,,,,,,,,,,,,,,-80,-69,-69,-68,-69,-67,-66,-66,-66,,,,,,,,,,,,,,,,,,,,,,,,,,,,,,,,,,,,,,,,,,,,,,,,,,,,,,,,,,,,,,,,,,,,,,,,,,,,,,,,,,,,
2026-07-07 17:36:32.253,,,,,,,,,,,,,,,,-89,,,,,,,,,,-83,-84,-83,,-75,-76,-75,-75,-85,,-83,,,,-91,,,,,,,,,,,,,,,,,,,,,,,,,,,,,,,,,,,,,,,,,,,,,,,,,,,,,,,,,,,,,,,,,,,,,
2026-07-07 17:36:32.586,-80,-80,-81,-91,-92,-92,,,,,-83,-94,-91,,,,-75,-60,-60,-59,-60,-65,-66,-66,-67,,,,,-77,-77,-77,-77,,-80,,,,-94,,,,,,,-94,,,,,,,,,,,,,,,,,,,,,,,,,,,,,,,,,,,,,,,,,,,,,,,,,,,,,,,,,,,,,,,
2026-07-07 17:36:32.919,-79,-80,-80,,,,,,,,,,,,,,-73,,,,,,,,,,,,,,,,,,,,,,,,,,,,,,,,,,,,,,,,,,,,,,,,,,,,,,,,,,,,,,,,,,,,,,,,,,,,,,,,,,,,,,,,,,,,
2026-07-07 17:36:33.253,,,,-87,-88,-87,-74,-73,-74,-74,,,-87,,-91,,,,,,,,,,,,,,,,,,,,,,,,,-90,,,,,,,,,,,,,,,,,,,,,,,,,,,,,,,,,,,,,,,,,,,,,,,,,,,,,,,,,,,,,,,,,,,,,
2026-07-07 17:36:33.586,,,,,,,,,,,,,,,,,-75,-63,-63,-63,-64,-61,-61,-61,-61,,,,,,,,,,,,,,,,,,,,,,,-84,,,,,,,,,,,,,,,,,,,,,,,,,,,,,,,,,,,,,,,,,,,,,,,,,,,,,,,,,,,,,
2026-07-07 17:36:33.919,,,,,,,,,,,,,,,-90,-93,,-61,-62,-61,-62,-61,-61,-63,-62,-87,-87,-87,,-78,-78,-78,-78,,,-87,,-94,-93,-87,-94,-94,,,,,,,,,,,,,,,,,,,,,,,,,,,,,,,,,,,,,,,,,,,,,,,,,,,,,,,,,,,,,,,,,,,
2026-07-07 17:36:34.253,-83,-84,-84,-90,-90,-90,,,,,-80,,-90,,,,,,,,,,,,,,,,,-77,-77,-78,-78,,-83,,,-94,-94,,,-94,,,,,,,,,,,,,,,,,,,,,,,,,,,,,,,-89,,,,,,,,,,,,,,,,,,,,,,,,,,,,,,,,,,,,
2026-07-07 17:36:34.586,-87,-86,-86,,,,,,,,-85,,,,,,-77,,,,,,,,,,,,,,,,,,-85,,,,,,,,,,,,,-85,,,,,,,,,,,,,,,,,,,,,,,,,,,,,,,,,,,,,,,,,,,,,,,,,,,,,,,,,,,,,
2026-07-07 17:36:34.920,,,,-69,-87,-88,-74,-74,-74,-74,,,-88,,-90,,,,,,,,,,,,,,,,,,,,,,,,,,,,,,,,,,,,,,,,,,,,,,,,,,,,,,,,,,,,,,,,,,,,,,,,,,,,,,,,,,,,,,,,,,,,,,
2026-07-07 17:36:35.253,,,-84,,,,,,,,,,,,-90,,-78,-60,-60,-60,-61,-63,-65,-64,-65,,,,,,,,,,,,,,,,,,,,,,,,,,,,,,,,,,,,,,,,,,,,,,,,,,,,,,,,,,,,,,,,,,,,,,,,,,,,,,,,,,,,
2026-07-07 17:36:35.586,,,,,,,,,,,,,,,,,-79,-60,-59,-60,-59,-68,-68,-68,-68,-88,-89,-88,-90,-79,-78,-79,-78,-90,,-89,,,,,,,,,,,,,,,,,,,,,,,,,,,,,,,,,,,,,,,,,,,,,,,,,,,,,,,,,,,,,,,,,,,,,,,,,
2026-07-07 17:36:35.920,,,,-90,-90,-89,,,,,,,-87,,,,,,,,,,,,,,,-89,-88,-78,-69,-78,-78,-88,,-89,,-93,-93,,-95,-93,,,,,,,,,,,,,,,,,,,,,,,,,,,,,,,,,,-91,,,,,,,,,,,,,,,,,,,,,,,,,,,,,,,,,
2026-07-07 17:36:36.253,-86,-87,-86,,,,,,,,-83,,,,,,,,,,,,,,,,,,,,,,,,-86,,,,,,,,,,,,,,,,,,,,,,,,,,,,,,,,,,,,,,,,-89,-88,,,,,,,,,,,,,,,,,,,,,,,,,,,,,,,,,
2026-07-07 17:36:36.587,,,,-92,,-91,-69,-69,-69,-69,,,-92,,,,,,,,,,,,,,,,,,,,,,,,,,,,,,,,,,,,,,,,,,,,,,,,,,,,,,,,,,,,,-89,-90,-87,,,,,,,,,,,,,,,,,,,,,,,,,,,,,,,,,
2026-07-07 17:36:36.920,-85,-86,-85,,,,,,,,,,,,-89,,-75,-65,-66,-65,-65,-68,-70,-69,-69,-91,-90,-90,-89,,,,,,-85,-90,,,,-87,,,,,,,,-84,,,,,,,,,,,,,,,,,,,,,,,,,,,,,,,,,,,,,,,,,,,,,,,,,,,,,,,,,,,,,
2026-07-07 17:36:37.253,,,,,,,,,,,-84,,,,,,-77,-59,-59,-58,-59,-75,-75,-75,-75,,,,,,,,,,,,,,,,,,,,,,,,,,,,,,,,,,,,,,,,,,,,,,,,-88,,-88,,,,,,,,,,,,,,,,,,,,,,,,,,,,,,,,,,
2026-07-07 17:36:37.587,,,,,,,,,,,,,,,,,,,,,,,,,,-90,-90,-90,-86,-76,-77,-77,-76,-90,,-91,,,,,,-90,,,,,,,,,,,,,,,,,,,,,,,,,,,,,,,,,,,,,,,,,,,,,,,,,,,,,,,,,,,,,,,,,,,
2026-07-07 17:36:37.920,-85,-85,-85,,,,,,,,-84,,,,,,-77,,,,,,,,,,,,,,,,,,-86,,,,,,,,,,,,,,,,,,,,,,,,,,,,,,,,,,,,,,-89,-88,,-88,,,,,,,,,,,,,,,,,,,,,,,,,,,,,,,,,
2026-07-07 17:36:38.254,-85,-85,-85,,,-90,-72,-71,-71,-71,,,-91,-94,-89,,,,,,,,,,,,,,,,,,,,-84,,,,,,,,,,,,,,,,,,,,,,,,,,,,,,,,,,,,,,,,-89,-90,,,,,,,,,,,,,,,,,,,,,,,,,,,,,,,,,
2026-07-07 17:36:38.587,,,,,,,,,,,,,,,-88,,-75,-56,-57,-57,-57,-71,-70,-70,-70,-89,,,-87,,,,,,,,,,,-89,,,,,,,,,,,,,,,,,,,,,,,,,,,,,,,,,,,,,,,,,,,,,,,,,,,,,,,,,,,,,,,,,,,,,
2026-07-07 17:36:38.921,,,,,,,,,,,-87,,,,,,,-54,-55,-54,-55,-71,-72,-71,-71,,,,,,,,,-93,,,,,,,,,-93,-90,,,,,,,,,,,,,,,,,,,,,,,,,,,,,-88,-89,-88,,,,,,,,,,,,,,,,,,,,,,,,,,,,,,,,,,
2026-07-07 17:36:39.254,,,,,,,,,,,,,-93,,,,,,,,,,,,,-93,,,-89,-75,-73,-74,-74,-93,,,,,-90,,,-90,,,,,,,,,,,,,,,,,,,,,,,,,,,,,,,,,,,,,,,,,,,,,,,,,,,,,,,,,,,,,,,,,,,
2026-07-07 17:36:39.587,-88,-88,,-90,-90,-90,-71,-71,-71,-71,-85,,-91,,,,,,,,,,,,,,,,,,,,,,-87,,,,,,,,,,,,,,,,,,,,,,,,,,,,,,,,,,,,,,,,,,,,,,,,,,,,,,,,,,,,,,,,,,,,,,,,,,
2026-07-07 17:36:39.921,,,,,,,,,,,-87,,,,,,,-57,-57,-57,-57,-77,-78,-78,-77,,,,,,,,,,,,,,,,,,,,,,,,,,,,,,,,,,,,,,,,,,,,,,,,-89,,,,,,,,,,,,,,,,,,,,,,,,,,,,,,,,,,,,
2026-07-07 17:36:40.254,,,,,,,,,,,,,,,-88,-93,,,,,,,,,,-94,-94,-92,-86,-80,-81,-81,,,,-95,,,,-86,,,,,,,,,,,,,,,,,,,,,,,,,,,,,,,,,,,,,,,,,,,,,,,,,,,,,,,,,,,,,,,,,,,,,
2026-07-07 17:36:40.587,,,,,,,,,,,,,,,,,-79,-60,-60,-60,-60,-76,-76,-76,-76,,,,,,,,,-91,,,,,,,,,,,,,,,,,,,,,,,,,,,,,,,,,,,,,,,,,,,,,,,,,,,,,,,,,,,,,,,,,,,,,,,,,,,
2026-07-07 17:36:40.921,,,,-91,-90,-91,,,,,,-94,-89,,,,,,,,,,,,,-92,-92,-93,,-75,-76,-76,-76,-93,,-91,,-92,-93,,-94,-93,,,,,-94,,,,,,,,,,,,,,,,,,,,,,,,,,,,,,,,,,,,,,,,,,,,,,,,,,,,,,,,,,,,,,
2026-07-07 17:36:41.254,-91,-89,-89,-90,-90,,-71,-71,-71,-71,-85,,,,,,,,,,,,,,,,,,,,,,,,-90,,,,,,,,,,-95,,-95,,,,,,,,,,,,,,,,,,,,,,,,,,,-92,-93,,,,,,,,,,,,,,,,,,,,,,,,,,,,,,,,,,
2026-07-07 17:36:41.588,,,,,,,,,,,-87,,,,,,-80,-62,-63,-64,-63,-75,-75,-75,-75,,,,,,,,,,,,,,,,,,,,,,,,,,,,,,,,,,,,,,,,,,,,,,,,-88,,,,,,,,,,,,,,,,,,,,,,,,,,,,,,,,,,,,
2026-07-07 17:36:41.921,,,,,,,,,-71,-71,,,,,-84,-90,,,,,,,,,,-93,,-94,,,,,,,,,,,,-90,,,,,,,,,,,,,,,,,,,,,,,,,,,,,,,,,,,,,,,,,,,,,,,,,,,,,,,,,,,,,,,,,,,,,
2026-07-07 17:36:42.254,,,,,,,,,,,-83,,,,,,-79,-68,-67,-68,-68,-78,-78,-78,-78,,,,,,,,,,,,,,,,,,,,,,,,,,,,,,,,,,,,,,,,,,,,,,,,,,,,,,,,,,,,,,,,,,,,,,,,,,,,,,,,,,,,
2026-07-07 17:36:42.588,,,,,,,,,,,,,,,,-91,,,,,,,,,,,,-94,,-79,-79,-80,-79,,,-94,,,,,,,,,,,,,,,,,,,,,,,,,,,,,,,,,,,,,,,,,,,,,,,,,,,,,,,,,,,,,,,,,,,,,,,,,
2026-07-07 17:36:42.921,,,,-84,-85,-85,-71,-70,-70,-70,,,,,,,,,,,,,,,,,,,,,,,,,-89,,,,,,,,,,,-94,,,,,,,,,,,,,,,,,,,,,,,,,,,,,,,,,,,,,,,,,,,,,,,,,,,,,,,,,,,,,,,
2026-07-07 17:36:43.255,,-87,-87,,,,,,,,,,,,,,-76,-65,-64,-64,-64,-76,-77,-76,-74,,,,,,,,,,,,,,,,,,,,,,,,,,,,,,,,,,,,,,,,,,,,,,,,,,,,,,,,,,,,,,,,,,,,,,,,,,,,,,,,,,,,
2026-07-07 17:36:43.588,,,,,,,,,,-72,,,,,-90,-91,,,,,,,,,,,,-94,-86,,,,,,,-94,,,,-90,,,,,,,,-84,,,,,,,,,,,,,,,,,,,,,,,,,,,,,,,,,,,,,,,,,,,,,,,,,,,,,,,,,,,,,
2026-07-07 17:36:43.922,,,,,,,,,,,-86,,,,,,-83,-62,-63,-64,-64,-78,-80,-80,-79,,,,,,,,,,,,,,,,,,,,,,,,,,,,,,,,,,,,,,,,,,,,,,,,,,,,,,,,,,,,,,,,,,,,,,,,,,,,,,,,,,,,
2026-07-07 17:36:44.255,,,,,,,,,,,,,,,,,,,,,,,,,,-94,-92,,-91,-76,-76,-76,-76,-94,,,,,,,-92,,,,,,,,,,,,,,,,,,,,,,,,,,,,,,,,,,,,,,,,,,,,,,,,,,,,,,,,,,,,,,,,,,,,
2026-07-07 17:36:44.588,,,,-90,-88,-88,-72,-71,-71,-71,,,-89,,,,-82,,,,,,,,,,,,,,,,,,,,,,,,,,,,-94,-93,,,,,,,,,,,,,,,,,,,,,,,,,,,,,,,,,,,,,,,,,,,,,,,,,,,,,,,,,,,,,,,
2026-07-07 17:36:44.922,,,,,,,,,,,,,,,,,-82,-68,-69,-68,-68,-80,-81,-81,-80,,,,,,,,,,,,,,,,,,,,,,,,,,,,,,,,,,,,,,,,,,,,,,,,,,,,,,,,,,,,,,,,,,,,,,,,,,,,,,,,,,,,
2026-07-07 17:36:45.255,,,,,,,,,,,,,,,-86,-90,,,,,,,,,,,-96,-95,,,,,,-91,,-95,,,,-91,,,,,,,,,,,,,,,,,,,,,,,,,,,,,,,,,,,,,,,,,,,,,,,,,,,,,,,,,,,,,,,,,,,,,
2026-07-07 17:36:45.589,,,,,,,,,,,-85,,,,,,-84,-66,-67,-66,-66,-82,-81,-81,-82,,,,-87,-79,-79,-79,-80,,,,,,,,,-93,,,-94,-93,-93,,,,,,,,,,,,,,,,,,,,,,,,,,,,,,,,,,,,,,,,,,,,,,,,,,,,,,,,,,,,,,
2026-07-07 17:36:45.922,,-90,,,,,,,,,,,,,,,,,,,,,,,,,,,,,,,,,-91,,,,,,,,,,,,,,,,,,,,,,,,,,,,,,,,,,,,,,,,,,,,,,,,,,,,,,,,,,,,,,,,,,,,,,,,,,
2026-07-07 17:36:46.255,,,,-87,-87,-88,-71,-71,-71,-71,,,-87,,,,,,,,,,,,,,,,,,,,,,,,,,,,,,,,-94,-93,-95,,,,,,,,,,,,,,,,,,,,,,,,,,,,,,,,,,,,,,,,,,,,,,,,,,,,,,,,,,,,,,
2026-07-07 17:36:46.589,,,,,,,,,,,-85,,,,,,-82,-66,-67,-67,-66,-77,-79,-79,-79,,,,,,,,,,,,,,,,,,,,,,,,,,,,,,,,,,,,,,,,,,,,,,,,,,,,,,,,,,,,,,,,,,,,,,,,,,,,,,,,,,,,
2026-07-07 17:36:46.922,,,,,,,-73,-73,-72,-73,,,,,-87,-89,,,,,,,,,,-94,-93,,-87,,,,,-91,,-93,,,,-88,,,,,,,,-82,,,,,,,,,,,,,,,,,,,,,,,,,,,,,,,,,,,,,,,,,,,,,,,,,,,,,,,,,,,,,
2026-07-07 17:36:47.256,,,-89,,,,,,,,,,,,,-90,-82,-73,-73,-73,-73,-78,-79,-78,-78,-92,-92,-91,-87,-79,-79,-79,-79,,,,,-92,-93,,-91,-91,,-88,,,,,,,,,,,,,,,,,,,,,,,,,,,,,,,,,,,,,,,,,,,,,,,,,,,,,,,,,,,,,,,,,
2026-07-07 17:36:47.589,,,-90,,,,,,,,-87,,,,,,,,,,,,,,,,,,,,,,,-91,,,,,,,,,,,,,,,,,,,,,,,,,,,,,,,,,,,,,,,,,,,,,,,,,,,,,,,,,,,,,,,,,,,,,,,,,,,
2026-07-07 17:36:47.922,,,,-87,,,-71,-71,-71,-71,,,-88,-94,,,,,,,,,,,,,,,,,,,,,,,,-92,-92,,,-93,,,,,,,,,,,,,,,,,,,,,,,,,,,,,,,,,,,,,,,,,,,,,,,,,,,,,,,,,,,,,,,,,,,
2026-07-07 17:36:48.256,-88,-87,-86,,,,,,,,,,,,,,-85,-70,-70,-70,-70,-84,-83,-84,-84,,,,,,,,,,-86,,,,,,,,,,,,,-82,,,,,,,,,,,,,,,,,,,,,,,,,,,,-89,,,,,,,,,,,,,,,,,,,,,,,,,,,,,,,,,
2026-07-07 17:36:48.589,,,,,,,-69,-69,-69,-69,,,,,-87,-90,,,,,,,,,,,,,,,,,,,,,,,,-87,,,,,,,,,,,,,,,,,,,,,,,,,,,,,,,,,,,,,,,,,,,,,,,,,,,,,,,,,,,,,,,,,,,,,
2026-07-07 17:36:48.923,,,,,,,,,,,,-94,,,,,,-73,-73,-73,-73,-83,-82,,,-94,,-93,-83,-77,-77,-78,-77,,,,,-93,-92,,-93,,,,-94,-94,-94,,,,,,,,,,,,,,,,,,,,,,,,,,,,,,,,,,,,,,,,,,,,,,,,,,,,,,,,,,,,,,
2026-07-07 17:36:49.256,,,,,,,,,,,-87,,,,,,,,,,,,,,,,,,,,,,,,,,,,,,,,,,,,,,,,,,,,,,,,,,,,,,,,,,,,,,,-89,,,,,,,,,,,,,,,,,,,,,,,,,,,,,,,,,,,
2026-07-07 17:36:49.589,,,,-88,-88,-88,-74,-74,-73,-74,,,-89,,,,,,,,,,,,,,,,,,,,,,,,,-94,-93,,,-94,,,,,,,,,,,,,,,,,,,,,,,,,,,,,,,,,,,,,,,,,,,,,,,,,,,,,,,,,,,,,,,,,,,
2026-07-07 17:36:49.923,,-87,,,,,,,,,,,,,,,-85,-74,-74,-74,-74,-83,-84,-83,-84,,,,,,,,,,-91,,,,,,,,,,,,,-79,,,,,,,,,,,,,,,,,,,,,,,,,,,,,,,,,,,,,,,,,,,,,,,,,,,,,,,,,,,,,
2026-07-07 17:36:50.256,,,,,,,-72,-72,-72,-72,,,,,-84,-90,,,,,,,,,,-90,-91,-91,,,,,,,,,,,,,,,,,,,,,,,,,,,,,,,,,,,,,,,,,,,,,,,,,,,,,,,,,,,,,,,,,,,,,,,,,,,,,,,,,
2026-07-07 17:36:50.590,,,-91,,,,,,,,,,,,-91,,-84,-74,-76,-76,-74,-83,-81,-83,-82,-92,-92,-92,-86,-76,-76,-75,-75,-90,,-92,,,,-90,,-93,,,,,,-83,,,,,,,,,,,,,,,,,,,,,,,,,,,,,,,,,,,,,,,,,,,,,,,,,,,,,,,,,,,,,
2026-07-07 17:36:50.923,,,,,,,,,,,-85,,,,,,,,,,,-81,-82,-82,-81,,,,,,,,,,,,,,,,,,,,,,,,,,,,,,,,,,,,,,,,,,,,,,,,,,,,,,,,,,,,,,,,,,,,,,,,,,,,,,,,,,,,
2026-07-07 17:36:51.256,,,,-88,-88,-89,-74,-73,-74,-74,,,-88,,,,,,,,,,,,,,,,,,,,,,,,,,,,,,,,,,,,,,,,,,,,,,,,,,,,,,,,,,,,,,,,,,,,,,,,,,,,,,,,,,,,,,,,,,,,,,,,
2026-07-07 17:36:51.590,-89,-89,-88,,,,,,,,-86,,,,,,-83,-75,-75,-75,-75,-84,-83,-82,-83,,,,,,,,,,-88,,,,,,,,,,,,,-84,,,,,,,,,,,,,,,,,,,,,,,,,-90,-92,-91,-90,,,,,,,,,,,,,,,,,,,,,,,,,,,,,,,,,
2026-07-07 17:36:51.923,,,,,,,-76,-76,-76,-76,,,,,-88,,,,,,,,,,,,,,,,,,,,,,,,,-91,,,,,,,,,,,,,,,,,,,,,,,,,,,,,,,,,,,,,,,,,,,,,,,,,,,,,,,,,,,,,,,,,,,,,
2026-07-07 17:36:52.257,,,,,,,,,,,,,,,,-92,,-77,-78,-78,-77,-83,-83,-83,-83,,,,-89,-75,-76,-76,-76,,,,,,,-89,,,,,,,,-85,,,,,,,,,,,,,,,,,,,,,,,,,,,,,,,,,,,,,,,,,,,,,,,,,,,,,,,,,,,,,
2026-07-07 17:36:52.590,,,,,,,,,,,,,,,,,,,,,,,,,,,,,,,,,,,,,,,,,,,,,,,,,,,,,,,,,,,,,,,,,,,,,,,,,,,,,,,,,,,,,,,,,,,,,,,,,,,,,,,,,,,,,
2026-07-07 17:36:52.923,,,,,-90,-89,-74,-74,-74,-74,,,,,,,,,,,,,,,,,,,,,-77,-76,-77,,,,,,,,,,,,,,,,,,,,,,,,,,,,,,,,,,,,,,,,,,,,,,,,,,,,,,,,,,,,,,,,,,,,,,,,,,,,
2026-07-07 17:36:53.257,,,,-90,-89,-89,-77,-77,-77,-77,-86,,,,,,,-73,-76,-75,-75,-83,-84,-84,-83,,,,,,,,,,,,,,,,,,,,,,,-80,,,,,,,,,,,,,,,,,,,,,,,,,-87,-87,-87,-88,,,,,,,,,,,,,,,,,,,,,,,,,,,,,,,,,
2026-07-07 17:36:53.590,,,,,,,,,,,,,,,,,,-78,-76,-76,-76,-83,-84,-83,-83,,,,,,,,,,,,,,,-88,,,,,,,,,,,,,,,,,,,,,,,,,,,,,,,,,,,,,,,,,,,,,,,,,,,,,,,,,,,,,,,,,,,,,
2026-07-07 17:36:53.924,,,,,,,,,,,,,,,-93,-94,,,,,,,,,,-94,-93,,,-76,-76,-76,-76,,,,,,,-87,,,,,,,,-81,,,,,,,,,,,,,,,,,,,,,,,,,,,,,,,,,,,,,,,,,,,,,,,,,,,,,,,,,,,,,
2026-07-07 17:36:54.257,,,,,,,,,,,-87,,,,,,,-77,-76,-76,-76,-84,-83,-83,-84,,,,,,,,,,,,,,,,,,,,,,,,,,,,,,,,,,,,,,,,,,,,,,,,,,-87,-88,,,,,,,,,,,,,,,,,,,,,,,,,,,,,,,,,
2026-07-07 17:36:54.591,,,,-87,-90,-92,-75,-75,-75,-75,,,,,,,,,,,,,,,,,,,,-76,-76,-77,-77,,,,,,,,,,,,,,,,,,,,,,,,,,,,,,,,,,,,,,,,,,,,,,,,,,,,,,,,,,,,,,,,,,,,,,,,,,,,
2026-07-07 17:36:54.924,-89,,,-92,-90,-91,-74,-73,-74,-74,-85,,-90,,-93,-93,-83,,,,,,,,,,,,,,,,,,,,,,,-91,,,-91,,,,,,,-91,,,,,,,,,,,,,,,,,,,,,,,-87,-88,-87,-88,,,,,,,,,,,,,,,,,,,,,,,,,,,,,,,,,-91
2026-07-07 17:36:55.257,,,,,,,,,,,,,,,,,,-73,-74,-74,-74,-84,,-83,-82,,,,,,,,,,,,,,,,,,,-87,,,,,,,,,,,,,,,,,,,,,,,,,,,,,,,,,,,,,,,,,,,,,,,,,,,,,,,,,,,,,,,,,
2026-07-07 17:36:55.591,,,,,,,,,,,,,,,-93,-94,,,,,,,,,,,,,-92,-77,-77,-77,-77,-90,,,,-94,,,,-94,,,,,,-85,,,,,,,,,,,,,,,,,,,,,,,,,,,,,,,,,,,,,,,,,,,,,,,,,,,,,,,,,,,,,
2026-07-07 17:36:55.924,,,,,,,,,,,-86,,,,,,,-74,-75,-75,-74,-85,-85,-84,-84,,,,,,,,,,,,,,,,,,,,,,,,,,,,,,,,,,,,,,,,,,,,,,,,-85,,,,,,,,,,,,,,,,,,,,,,,,,,,,,,,,,,,,
2026-07-07 17:36:56.258,,,,-89,-88,-88,,,,,-87,,-88,,,,,,,,,,,,,,,,,-77,-76,-76,-76,-91,,,,,,,,,,,,,,,,,,,,,,,,,,,,,,,,,,,,,,,,,,,,,,,,,,,,,,,,,,,,,,,,,,,,,,,,,,,
2026-07-07 17:36:56.591,,,,-87,-86,-87,-73,-73,-73,-73,,,,,-90,-90,-83,-76,-76,-77,-76,,,,,,,,,,,,,,,,,,,-87,,,,,,,,-79,,,,,,,,,,,,,,,,,,,,,,,,,,,,-87,,,,,,,,,,,,,,,,,,,,,,,,,,,,,,,,,
2026-07-07 17:36:56.924,,,,,,,,,,,,,,,,,-83,-74,-74,-75,-74,-79,-79,-79,-79,,,,,,,,,,,,,,,,,,,,,,,,,,,,,,,,,,,,,,,,,,,,,,,,,,,,,,,,,,,,,,,,,,,,,,,,,,,,,,,,,,,,
2026-07-07 17:36:57.258,,,,,,,,,,,,,,,,-90,,,,,,,,,,-92,,-93,-88,-77,,-77,-76,-88,,-92,,-95,-95,,,-94,,,,,,-78,,,,,,,,,,,,,,,,,,,,,,,,,,,,,,,,,,,,,,,,,,,,,,,,,,,,,,,,,,,,,
2026-07-07 17:36:57.591,,,,,,,,,,,-88,,,,,,,-74,-73,-74,-74,-79,-79,-72,-79,,,,-84,-78,-77,-77,-76,,,,,,,,,,,,,,,,,,,,,,,,,,,,,,,,,,,,,,,,,,,,,,,,,,,,,,,,,,,,,,,,,,,,,,,,,,,,
2026-07-07 17:36:57.925,,,,-86,-86,-87,,,,,,,-87,,,,,,,,,,,,,,,,,,,,,,,,,,,,,,,,,,,,,,,,,,,,,,,,,,,,,,,,,,,,,,,,,,,,,,,,,,,,,,,,,,,,,,,,,,,,,,,,
